country,isocode,year,pop,emp,hc,rgdpna,labsh,avh
Australia,AUS,1950,8.354,3.43,2.6673,127461.2,0.6805,2170.9
Australia,AUS,1951,8.6,3.524,2.6743,130703.1,0.6805,2150.8
Australia,AUS,1952,8.782,3.592,2.6814,125353.1,0.6805,2131.0
Australia,AUS,1953,8.951,3.653,2.6885,138952.2,0.6805,2111.2
Australia,AUS,1954,9.159,3.731,2.6956,150060.7,0.6805,2091.7
Australia,AUS,1955,9.374,3.811,2.7027,155979.7,0.6805,2072.4
Australia,AUS,1956,9.6,3.895,2.7115,156337.7,0.6805,2053.2
Australia,AUS,1957,9.815,3.946,2.7202,159762.0,0.6805,2034.2
Australia,AUS,1958,10.019,3.981,2.729,170599.0,0.6805,2015.4
Australia,AUS,1959,10.238,4.03,2.7379,181049.3,0.6805,1996.8
Australia,AUS,1960,10.47,4.155,2.7468,185259.7,0.6858,1978.3
Australia,AUS,1961,10.71,4.167,2.7682,187786.0,0.6805,1974.7
Australia,AUS,1962,10.908,4.267,2.7897,199575.2,0.6706,1971.0
Australia,AUS,1963,11.117,4.389,2.8114,213048.7,0.6617,1967.4
Australia,AUS,1964,11.336,4.547,2.8333,226522.1,0.6682,1963.8
Australia,AUS,1965,11.559,4.685,2.8554,231574.7,0.6805,1960.1
Australia,AUS,1966,11.777,4.853,2.8776,245890.2,0.6761,1956.5
Australia,AUS,1967,11.997,5.005,2.9001,258521.5,0.6703,1952.9
Australia,AUS,1968,12.229,5.127,2.9227,277047.5,0.6642,1949.3
Australia,AUS,1969,12.509,5.271,2.9454,297257.7,0.6569,1945.7
Australia,AUS,1970,12.793,5.471,2.9684,309046.9,0.671,1942.1
Australia,AUS,1971,13.033,5.583,2.992,321138.4,0.6755,1923.5
Australia,AUS,1972,13.244,5.652,3.0158,329532.1,0.6699,1903.1
Australia,AUS,1973,13.432,5.799,3.0398,343054.0,0.6922,1889.8
Australia,AUS,1974,13.606,5.898,3.064,347685.0,0.7198,1907.1
Australia,AUS,1975,13.773,5.874,3.0884,356682.0,0.7139,1893.8
Australia,AUS,1976,13.936,5.96,3.113,369513.4,0.7009,1904.2
Australia,AUS,1977,14.093,6.014,3.1378,372827.4,0.7001,1906.0
Australia,AUS,1978,14.249,6.032,3.1628,387902.7,0.6827,1906.9
Australia,AUS,1979,14.413,6.112,3.188,399672.6,0.6715,1912.3
Australia,AUS,1980,14.588,6.278,3.2134,413012.8,0.6723,1909.8
Australia,AUS,1981,14.777,6.356,3.2326,426759.6,0.6775,1894.8
Australia,AUS,1982,14.979,6.34,3.252,417283.6,0.6757,1870.7
Australia,AUS,1983,15.195,6.241,3.2714,436400.6,0.646,1857.0
Australia,AUS,1984,15.423,6.458,3.291,459308.7,0.6446,1878.2
Australia,AUS,1985,15.664,6.682,3.3107,477853.4,0.6418,1869.3
Australia,AUS,1986,15.918,6.977,3.3306,490044.2,0.6319,1873.9
Australia,AUS,1987,16.183,7.141,3.3505,518189.3,0.6132,1871.6
Australia,AUS,1988,16.452,7.412,3.3706,538197.6,0.6091,1867.9
Australia,AUS,1989,16.714,7.722,3.3908,557416.6,0.6185,1877.8
Australia,AUS,1990,16.961,7.845,3.4111,555199.1,0.626,1864.0
Australia,AUS,1991,17.189,7.674,3.4236,557487.5,0.6173,1850.5
Australia,AUS,1992,17.402,7.635,3.4362,579953.8,0.6073,1846.5
Australia,AUS,1993,17.603,7.667,3.4489,603058.5,0.6013,1863.8
Australia,AUS,1994,17.799,7.923,3.4615,626202.4,0.6041,1869.9
Australia,AUS,1995,17.993,8.215,3.4743,650490.2,0.6075,1870.3
Australia,AUS,1996,18.189,8.321,3.487,676292.1,0.618,1863.8
Australia,AUS,1997,18.387,8.383,3.4999,707243.9,0.6118,1861.1
Australia,AUS,1998,18.587,8.529,3.5127,743126.6,0.6134,1846.6
Australia,AUS,1999,18.788,8.681,3.5257,772354.8,0.605,1848.5
Australia,AUS,2000,18.991,8.903,3.5386,787267.9,0.6065,1847.5
Australia,AUS,2001,19.195,9.012,3.5275,818769.6,0.6082,1814.1
Australia,AUS,2002,19.401,9.185,3.5164,843217.6,0.6008,1808.1
Australia,AUS,2003,19.624,9.398,3.5054,877413.9,0.6015,1801.6
Australia,AUS,2004,19.88,9.561,3.4944,905528.6,0.6032,1799.4
Australia,AUS,2005,20.179,9.911,3.4834,930833.9,0.593,1797.1
Australia,AUS,2006,20.526,10.165,3.4724,966617.2,0.5881,1786.9
Australia,AUS,2007,20.916,10.489,3.4615,1001975.7,0.5933,1786.3
Australia,AUS,2008,21.332,10.758,3.4506,1021383.9,0.5691,1786.5
Australia,AUS,2009,21.751,10.854,3.4398,1042500.1,0.5771,1758.0
Australia,AUS,2010,22.155,11.121,3.429,1068174.4,0.575,1763.3
Australia,AUS,2011,22.538,11.326,3.4422,1110027.2,0.5754,1765.3
Australia,AUS,2012,22.904,11.449,3.4554,1138720.2,0.5825,1757.2
Australia,AUS,2013,23.255,11.554,3.4687,1167565.4,0.5821,1756.3
Australia,AUS,2014,23.596,11.667,3.4821,1193166.0,0.596,1746.5
Australia,AUS,2015,23.933,11.908,3.4955,1226224.5,0.604,1746.5
Australia,AUS,2016,24.263,12.072,3.509,1254435.0,0.5839,1736.1
Australia,AUS,2017,24.585,12.324,3.5225,1291432.0,0.5798,1736.8
Australia,AUS,2018,24.898,12.619,3.536,1319339.4,0.5716,1729.3
Australia,AUS,2019,25.203,12.863,3.5497,1315581.2,0.5716,1726.8
Austria,AUT,1950,6.981,2.935,2.5526,56938.3,0.633,2085.7
Austria,AUT,1951,6.981,2.991,2.537,60466.2,0.633,2083.0
Austria,AUT,1952,6.973,2.924,2.5215,60231.0,0.633,2080.4
Austria,AUT,1953,6.978,2.892,2.5061,62209.7,0.633,2077.7
Austria,AUT,1954,6.986,2.976,2.4908,67343.6,0.633,2075.1
Austria,AUT,1955,6.993,3.126,2.4756,75054.7,0.633,2072.4
Austria,AUT,1956,6.998,3.222,2.4611,79681.4,0.633,2069.8
Austria,AUT,1957,7.012,3.295,2.4467,84308.0,0.633,2067.2
Austria,AUT,1958,7.033,3.322,2.4323,87392.5,0.633,2064.5
Austria,AUT,1959,7.061,3.371,2.4181,89962.8,0.633,2061.9
Austria,AUT,1960,7.094,3.44,2.4039,98188.0,0.633,2059.3
Austria,AUT,1961,7.133,3.459,2.427,103328.7,0.633,2046.6
Austria,AUT,1962,7.177,3.443,2.4502,105385.0,0.633,2034.1
Austria,AUT,1963,7.223,3.42,2.4737,110011.7,0.633,2021.6
Austria,AUT,1964,7.271,3.414,2.4974,116694.6,0.633,2009.1
Austria,AUT,1965,7.319,3.391,2.5214,119779.1,0.633,1996.8
Austria,AUT,1966,7.37,3.363,2.5455,126462.0,0.633,1984.5
Austria,AUT,1967,7.426,3.308,2.5667,130574.6,0.633,1972.3
Austria,AUT,1968,7.464,3.265,2.5832,136229.4,0.633,1960.2
Austria,AUT,1969,7.49,3.258,2.5999,144968.7,0.633,1948.2
Austria,AUT,1970,7.516,3.265,2.6166,155250.1,0.633,1890.1
Austria,AUT,1971,7.55,3.301,2.6337,163188.3,0.633,1885.3
Austria,AUT,1972,7.581,3.32,2.6509,173318.8,0.633,1905.7
Austria,AUT,1973,7.607,3.359,2.6682,181789.4,0.633,1900.7
Austria,AUT,1974,7.626,3.405,2.6856,188958.7,0.633,1978.7
Austria,AUT,1975,7.638,3.394,2.7032,188274.1,0.633,1904.0
Austria,AUT,1976,7.641,3.413,2.7208,196891.4,0.633,1898.0
Austria,AUT,1977,7.637,3.451,2.7386,206893.5,0.633,1904.8
Austria,AUT,1978,7.628,3.467,2.7565,206457.6,0.633,1844.1
Austria,AUT,1979,7.618,3.484,2.7745,217517.0,0.633,1876.7
Austria,AUT,1980,7.61,3.512,2.7926,221283.2,0.633,1881.0
Austria,AUT,1981,7.605,3.488,2.8094,220963.9,0.633,1819.1
Austria,AUT,1982,7.602,3.435,2.8263,225408.1,0.633,1835.1
Austria,AUT,1983,7.603,3.423,2.8433,232109.6,0.633,1829.9
Austria,AUT,1984,7.607,3.421,2.8604,232228.7,0.633,1825.9
Austria,AUT,1985,7.615,3.432,2.8776,238031.3,0.633,1821.5
Austria,AUT,1986,7.625,3.443,2.8949,243509.3,0.633,1820.7
Austria,AUT,1987,7.639,3.442,2.9123,246814.2,0.633,1808.7
Austria,AUT,1988,7.659,3.471,2.9298,254948.9,0.633,1812.1
Austria,AUT,1989,7.687,3.516,2.9474,264858.9,0.633,1825.2
Austria,AUT,1990,7.724,3.56,2.9651,276368.8,0.633,1826.0
Austria,AUT,1991,7.773,3.591,2.98,285880.3,0.633,1836.4
Austria,AUT,1992,7.831,3.594,2.9949,291865.3,0.633,1804.9
Austria,AUT,1993,7.892,3.573,3.0099,293402.9,0.633,1802.3
Austria,AUT,1994,7.947,3.584,3.025,300450.8,0.633,1800.5
Austria,AUT,1995,7.99,3.585,3.0401,308466.8,0.633,1774.4
Austria,AUT,1996,8.018,3.607,3.0554,315714.3,0.6216,1807.3
Austria,AUT,1997,8.033,3.636,3.0707,322324.1,0.6111,1815.7
Austria,AUT,1998,8.041,3.672,3.086,333867.9,0.6079,1794.0
Austria,AUT,1999,8.051,3.725,3.1015,345741.3,0.6079,1798.0
Austria,AUT,2000,8.069,3.76,3.117,357412.6,0.5964,1798.4
Austria,AUT,2001,8.098,3.786,3.1332,361941.6,0.5885,1785.4
Austria,AUT,2002,8.134,3.781,3.1495,367919.2,0.584,1782.8
Austria,AUT,2003,8.176,3.806,3.1659,371383.1,0.5831,1774.0
Austria,AUT,2004,8.217,3.825,3.1823,381540.9,0.5726,1776.5
Austria,AUT,2005,8.254,3.862,3.1989,390102.9,0.5636,1752.5
Austria,AUT,2006,8.285,3.926,3.2155,403577.2,0.5566,1735.7
Austria,AUT,2007,8.314,3.998,3.2322,418620.2,0.5507,1724.8
Austria,AUT,2008,8.342,4.075,3.249,424733.9,0.5621,1717.2
Austria,AUT,2009,8.373,4.058,3.2659,408744.4,0.5797,1673.1
Austria,AUT,2010,8.41,4.097,3.2829,416253.5,0.5765,1665.8
Austria,AUT,2011,8.454,4.168,3.2937,428419.7,0.5713,1671.7
Austria,AUT,2012,8.502,4.216,3.3045,431334.8,0.5799,1647.9
Austria,AUT,2013,8.556,4.233,3.3153,431444.8,0.5847,1632.1
Austria,AUT,2014,8.615,4.269,3.3262,434297.9,0.5819,1621.6
Austria,AUT,2015,8.679,4.278,3.3371,438703.8,0.5788,1605.3
Austria,AUT,2016,8.747,4.321,3.348,447431.6,0.5798,1618.2
Austria,AUT,2017,8.82,4.399,3.359,458168.1,0.5808,1608.2
Austria,AUT,2018,8.891,4.488,3.37,469989.4,0.5839,1612.7
Austria,AUT,2019,8.955,4.55,3.381,476657.3,0.5839,1611.4
Belgium,BEL,1950,8.634,3.459,2.2035,85076.0,0.6446,2096.1
Belgium,BEL,1951,8.673,3.456,2.2191,88276.3,0.6446,2085.9
Belgium,BEL,1952,8.725,3.458,2.2347,90424.2,0.6446,2075.7
Belgium,BEL,1953,8.773,3.458,2.2504,93410.7,0.6446,2065.6
Belgium,BEL,1954,8.814,3.455,2.2662,97528.8,0.6446,2055.5
Belgium,BEL,1955,8.863,3.455,2.2822,100994.0,0.6446,2045.5
Belgium,BEL,1956,8.919,3.458,2.2872,104174.7,0.6446,2035.5
Belgium,BEL,1957,8.984,3.482,2.2922,106200.5,0.6446,2025.6
Belgium,BEL,1958,9.047,3.445,2.2973,105637.0,0.6446,2015.7
Belgium,BEL,1959,9.098,3.416,2.3023,109353.1,0.6446,2005.9
Belgium,BEL,1960,9.113,3.495,2.3074,115601.9,0.6446,1996.1
Belgium,BEL,1961,9.16,3.521,2.3088,121455.1,0.6446,1984.2
Belgium,BEL,1962,9.213,3.576,2.3103,127893.7,0.6446,1972.5
Belgium,BEL,1963,9.278,3.601,2.3118,133454.3,0.6446,1960.8
Belgium,BEL,1964,9.362,3.652,2.3133,142819.5,0.6446,1949.1
Belgium,BEL,1965,9.443,3.666,2.3147,147794.8,0.6446,1937.6
Belgium,BEL,1966,9.502,3.679,2.3234,152184.8,0.6446,1926.1
Belgium,BEL,1967,9.551,3.663,2.3321,158038.0,0.6446,1914.6
Belgium,BEL,1968,9.584,3.659,2.3409,165354.6,0.6446,1903.3
Belgium,BEL,1969,9.607,3.722,2.3497,175597.8,0.6446,1892.0
Belgium,BEL,1970,9.632,3.725,2.3585,187304.3,0.6446,1880.8
Belgium,BEL,1971,9.663,3.75,2.3745,194333.9,0.6446,1871.7
Belgium,BEL,1972,9.693,3.739,2.3906,204547.4,0.6446,1845.7
Belgium,BEL,1973,9.721,3.771,2.4068,217070.4,0.6446,1819.0
Belgium,BEL,1974,9.747,3.827,2.4231,226186.6,0.6446,1788.9
Belgium,BEL,1975,9.772,3.77,2.4395,223185.1,0.6446,1778.8
Belgium,BEL,1976,9.795,3.753,2.4655,235801.2,0.6446,1780.4
Belgium,BEL,1977,9.817,3.742,2.4919,237277.6,0.6446,1754.4
Belgium,BEL,1978,9.837,3.75,2.5185,244020.8,0.6446,1735.9
Belgium,BEL,1979,9.854,3.788,2.5454,249733.5,0.6446,1718.8
Belgium,BEL,1980,9.869,3.785,2.5685,260920.3,0.6446,1699.0
Belgium,BEL,1981,9.881,3.717,2.5871,260191.6,0.6446,1676.3
Belgium,BEL,1982,9.89,3.671,2.6059,261739.7,0.6446,1662.0
Belgium,BEL,1983,9.898,3.626,2.6248,262555.9,0.6446,1667.9
Belgium,BEL,1984,9.906,3.628,2.6439,269031.6,0.6446,1691.9
Belgium,BEL,1985,9.917,3.648,2.6631,273475.4,0.6446,1697.9
Belgium,BEL,1986,9.929,3.674,2.6818,278460.2,0.6368,1677.9
Belgium,BEL,1987,9.942,3.704,2.7007,284883.3,0.6312,1662.9
Belgium,BEL,1988,9.959,3.776,2.7197,298339.0,0.6162,1650.9
Belgium,BEL,1989,9.98,3.822,2.7388,308688.9,0.612,1641.9
Belgium,BEL,1990,10.007,3.861,2.7581,318373.7,0.6189,1655.9
Belgium,BEL,1991,10.039,3.873,2.7839,324209.7,0.6323,1619.0
Belgium,BEL,1992,10.078,3.867,2.8099,329172.2,0.6295,1596.0
Belgium,BEL,1993,10.119,3.842,2.8363,326006.0,0.6346,1552.1
Belgium,BEL,1994,10.156,3.828,2.8628,336526.2,0.6254,1552.1
Belgium,BEL,1995,10.186,3.887,2.8896,344551.5,0.6172,1578.0
Belgium,BEL,1996,10.208,3.898,2.9062,349104.6,0.6217,1552.1
Belgium,BEL,1997,10.224,3.921,2.9229,362348.4,0.6192,1565.0
Belgium,BEL,1998,10.237,3.986,2.9397,369457.2,0.6169,1576.0
Belgium,BEL,1999,10.255,4.039,2.9566,382546.1,0.6244,1575.4
Belgium,BEL,2000,10.282,4.121,2.9736,396764.1,0.6166,1589.1
Belgium,BEL,2001,10.319,4.178,2.9924,401126.9,0.6273,1581.2
Belgium,BEL,2002,10.365,4.188,3.0113,407973.7,0.6315,1593.6
Belgium,BEL,2003,10.419,4.188,3.0304,412208.3,0.6244,1598.2
Belgium,BEL,2004,10.48,4.236,3.0495,426929.0,0.6098,1587.8
Belgium,BEL,2005,10.547,4.3,3.0688,436841.2,0.603,1577.7
Belgium,BEL,2006,10.619,4.35,3.0736,447990.9,0.6033,1591.6
Belgium,BEL,2007,10.698,4.422,3.0784,464463.2,0.6001,1593.7
Belgium,BEL,2008,10.779,4.499,3.0832,466539.0,0.6182,1582.5
Belgium,BEL,2009,10.86,4.49,3.088,457111.5,0.6309,1563.2
Belgium,BEL,2010,10.939,4.5,3.0928,470204.5,0.6138,1573.8
Belgium,BEL,2011,11.014,4.542,3.099,478172.1,0.6183,1590.2
Belgium,BEL,2012,11.085,4.563,3.1052,481706.9,0.6233,1587.3
Belgium,BEL,2013,11.154,4.556,3.1114,483919.0,0.6249,1585.6
Belgium,BEL,2014,11.221,4.581,3.1177,491516.0,0.617,1581.6
Belgium,BEL,2015,11.288,4.622,3.1239,501550.1,0.6018,1575.5
Belgium,BEL,2016,11.354,4.684,3.1302,507903.2,0.594,1574.2
Belgium,BEL,2017,11.42,4.769,3.1364,516070.7,0.5933,1577.9
Belgium,BEL,2018,11.482,4.839,3.1427,525423.4,0.5948,1583.3
Belgium,BEL,2019,11.539,4.922,3.149,534585.9,0.5948,1586.4
Canada,CAN,1950,13.769,6.123,2.482,198071.3,0.7687,2209.2
Canada,CAN,1951,14.083,6.281,2.5005,206728.0,0.7687,2194.2
Canada,CAN,1952,14.53,6.33,2.5193,224043.6,0.7687,2181.9
Canada,CAN,1953,14.921,6.364,2.5381,235079.6,0.7687,2180.5
Canada,CAN,1954,15.366,6.314,2.5571,232441.7,0.7687,2172.6
Canada,CAN,1955,15.773,6.389,2.5709,253916.5,0.7687,2154.7
Canada,CAN,1956,16.161,6.662,2.5825,277427.2,0.7687,2142.3
Canada,CAN,1957,16.716,6.745,2.5942,284480.5,0.7687,2123.0
Canada,CAN,1958,17.16,6.546,2.606,289182.6,0.7687,2107.6
Canada,CAN,1959,17.563,6.654,2.6177,300938.1,0.7687,2104.4
Canada,CAN,1960,17.951,6.629,2.6296,310342.3,0.7687,2090.8
Canada,CAN,1961,18.313,6.646,2.6493,319125.6,0.7687,2066.5
Canada,CAN,1962,18.658,6.812,2.6691,341083.8,0.7687,2065.0
Canada,CAN,1963,19.009,6.961,2.6891,358650.3,0.7687,2050.4
Canada,CAN,1964,19.371,7.202,2.7093,382072.4,0.7687,2039.1
Canada,CAN,1965,19.724,7.509,2.7296,406958.3,0.7687,2021.2
Canada,CAN,1966,20.095,7.766,2.75,434772.1,0.7687,1995.1
Canada,CAN,1967,20.46,7.907,2.7706,446483.1,0.7687,1985.6
Canada,CAN,1968,20.778,7.915,2.7914,469905.1,0.7687,1961.5
Canada,CAN,1969,21.078,8.164,2.8123,494791.1,0.7687,1942.5
Canada,CAN,1970,21.374,8.156,2.8333,507966.0,0.7687,1925.0
Canada,CAN,1971,21.723,8.327,2.8576,528133.6,0.7701,1912.0
Canada,CAN,1972,22.072,8.638,2.8821,557232.0,0.7709,1904.0
Canada,CAN,1973,22.415,9.093,2.9068,595322.9,0.7625,1898.0
Canada,CAN,1974,22.746,9.562,2.9317,614851.5,0.7482,1891.0
Canada,CAN,1975,23.059,9.655,2.9568,623835.9,0.7318,1872.0
Canada,CAN,1976,23.355,9.784,2.9821,660508.9,0.7272,1862.0
Canada,CAN,1977,23.634,9.997,3.0076,683218.2,0.7234,1834.0
Canada,CAN,1978,23.902,10.295,3.0334,708384.6,0.7079,1836.0
Canada,CAN,1979,24.161,10.761,3.0594,734673.9,0.6835,1841.0
Canada,CAN,1980,24.417,11.081,3.0856,750510.1,0.6704,1827.0
Canada,CAN,1981,24.668,11.382,3.1055,776583.9,0.6927,1812.0
Canada,CAN,1982,24.917,10.985,3.1255,751832.1,0.7074,1788.4
Canada,CAN,1983,25.171,11.077,3.1457,771389.8,0.6772,1780.2
Canada,CAN,1984,25.445,11.369,3.166,816967.0,0.6614,1791.1
Canada,CAN,1985,25.745,11.796,3.1864,855669.9,0.6584,1794.9
Canada,CAN,1986,26.075,12.169,3.207,874023.9,0.6795,1798.5
Canada,CAN,1987,26.433,12.544,3.2277,909622.5,0.6733,1807.0
Canada,CAN,1988,26.806,12.979,3.2485,949737.8,0.6814,1807.8
Canada,CAN,1989,27.18,13.237,3.2695,971743.1,0.6931,1802.8
Canada,CAN,1990,27.541,13.29,3.2906,973343.3,0.7104,1795.3
Canada,CAN,1991,27.889,13.058,3.3114,953038.5,0.7336,1774.2
Canada,CAN,1992,28.224,12.93,3.3322,961618.3,0.7385,1772.4
Canada,CAN,1993,28.548,13.035,3.3532,987205.6,0.7225,1771.1
Canada,CAN,1994,28.861,13.291,3.3744,1031575.2,0.6955,1785.0
Canada,CAN,1995,29.164,13.503,3.3957,1059365.6,0.6831,1785.0
Canada,CAN,1996,29.458,13.636,3.4171,1076518.6,0.6768,1798.8
Canada,CAN,1997,29.742,13.9,3.4386,1122594.0,0.6735,1796.7
Canada,CAN,1998,30.022,14.224,3.4603,1166332.0,0.6862,1792.6
Canada,CAN,1999,30.303,14.615,3.4821,1226548.6,0.6693,1791.9
Canada,CAN,2000,30.588,14.953,3.5041,1290055.0,0.6539,1786.2
Canada,CAN,2001,30.88,15.075,3.5189,1313146.5,0.6574,1773.0
Canada,CAN,2002,31.178,15.427,3.5338,1352778.0,0.6574,1754.4
Canada,CAN,2003,31.488,15.771,3.5487,1377148.5,0.6458,1743.8
Canada,CAN,2004,31.815,16.046,3.5637,1419660.9,0.6393,1753.8
Canada,CAN,2005,32.164,16.314,3.5788,1465149.6,0.6294,1744.0
Canada,CAN,2006,32.537,16.594,3.5939,1503746.1,0.6343,1743.5
Canada,CAN,2007,32.931,16.983,3.6091,1534901.2,0.6395,1742.9
Canada,CAN,2008,33.338,17.258,3.6243,1550316.0,0.6312,1740.3
Canada,CAN,2009,33.746,16.972,3.6397,1504954.4,0.6725,1710.8
Canada,CAN,2010,34.148,17.295,3.655,1551456.2,0.651,1714.2
Canada,CAN,2011,34.539,17.595,3.6623,1600266.8,0.6396,1712.7
Canada,CAN,2012,34.922,17.794,3.6696,1628446.8,0.6506,1720.6
Canada,CAN,2013,35.297,18.039,3.6769,1666375.2,0.6497,1714.9
Canada,CAN,2014,35.664,18.149,3.6842,1714200.9,0.6418,1709.6
Canada,CAN,2015,36.027,18.356,3.6916,1725500.5,0.6703,1710.8
Canada,CAN,2016,36.383,18.541,3.6989,1742779.5,0.6612,1705.2
Canada,CAN,2017,36.732,18.852,3.7063,1795757.9,0.6511,1693.8
Canada,CAN,2018,37.075,18.966,3.7137,1839386.6,0.6549,1707.1
Canada,CAN,2019,37.411,19.299,3.7211,1873625.2,0.6549,1689.3
Switzerland,CHE,1950,4.607,2.327,2.9351,114900.4,0.6833,2040.0
Switzerland,CHE,1951,4.661,2.411,2.9414,124209.9,0.6833,2032.4
Switzerland,CHE,1952,4.726,2.457,2.9477,125235.5,0.6833,2024.7
Switzerland,CHE,1953,4.788,2.474,2.9539,129669.3,0.6833,2017.1
Switzerland,CHE,1954,4.838,2.502,2.9602,136927.5,0.6833,2009.6
Switzerland,CHE,1955,4.888,2.553,2.9665,146173.8,0.6833,2002.1
Switzerland,CHE,1956,4.951,2.627,2.9717,155861.9,0.6833,1994.6
Switzerland,CHE,1957,5.031,2.687,2.9768,162062.9,0.6833,1987.1
Switzerland,CHE,1958,5.103,2.664,2.9819,158591.6,0.6833,1979.6
Switzerland,CHE,1959,5.162,2.665,2.9871,168611.1,0.6833,1972.2
Switzerland,CHE,1960,5.263,2.739,2.9923,180397.8,0.6833,1964.8
Switzerland,CHE,1961,5.41,2.867,3.0104,195024.6,0.6833,1967.6
Switzerland,CHE,1962,5.561,2.977,3.0286,204365.6,0.6833,1970.4
Switzerland,CHE,1963,5.682,3.023,3.0469,214337.8,0.6833,1973.3
Switzerland,CHE,1964,5.778,3.07,3.0654,225603.8,0.6833,1976.1
Switzerland,CHE,1965,5.833,3.049,3.0839,232783.1,0.6833,1978.9
Switzerland,CHE,1966,5.885,3.038,3.1026,238510.7,0.6833,1981.7
Switzerland,CHE,1967,5.951,3.054,3.1214,245800.5,0.6833,1984.6
Switzerland,CHE,1968,6.018,3.072,3.1403,254620.8,0.6833,1987.4
Switzerland,CHE,1969,6.097,3.123,3.1593,268963.6,0.6833,1990.2
Switzerland,CHE,1970,6.151,3.169,3.1784,286115.1,0.6833,1993.1
Switzerland,CHE,1971,6.203,3.214,3.1929,297775.5,0.6833,1982.8
Switzerland,CHE,1972,6.251,3.256,3.2075,307305.8,0.6833,1958.5
Switzerland,CHE,1973,6.293,3.289,3.2222,316678.4,0.6833,1931.7
Switzerland,CHE,1974,6.322,3.293,3.2369,321285.8,0.6833,1902.8
Switzerland,CHE,1975,6.337,3.17,3.2517,297886.0,0.6833,1894.0
Switzerland,CHE,1976,6.336,3.112,3.2666,293704.6,0.6833,1890.9
Switzerland,CHE,1977,6.322,3.128,3.2815,300852.3,0.6833,1863.5
Switzerland,CHE,1978,6.302,3.141,3.2965,302083.1,0.6833,1849.0
Switzerland,CHE,1979,6.287,3.158,3.3116,309609.5,0.6833,1836.4
Switzerland,CHE,1980,6.284,3.212,3.3267,323857.7,0.6833,1821.8
Switzerland,CHE,1981,6.296,3.273,3.3401,329043.7,0.6833,1802.5
Switzerland,CHE,1982,6.321,3.281,3.3536,324735.2,0.6833,1791.4
Switzerland,CHE,1983,6.357,3.282,3.3671,326810.5,0.6833,1776.7
Switzerland,CHE,1984,6.396,3.32,3.3806,336642.4,0.6833,1757.6
Switzerland,CHE,1985,6.435,3.39,3.3943,349009.3,0.6833,1751.3
Switzerland,CHE,1986,6.473,3.467,3.4079,355496.1,0.6833,1742.8
Switzerland,CHE,1987,6.511,3.547,3.4217,361132.4,0.6833,1741.5
Switzerland,CHE,1988,6.551,3.633,3.4355,372968.9,0.6833,1741.0
Switzerland,CHE,1989,6.597,3.724,3.4493,389121.4,0.6833,1725.8
Switzerland,CHE,1990,6.653,3.833,3.4632,403420.2,0.6833,1716.2
Switzerland,CHE,1991,6.719,3.892,3.4697,399725.6,0.6833,1713.8
Switzerland,CHE,1992,6.793,3.856,3.4761,399550.8,0.6833,1723.2
Switzerland,CHE,1993,6.869,3.835,3.4826,399047.4,0.6833,1719.5
Switzerland,CHE,1994,6.938,3.822,3.4892,404114.3,0.6833,1741.3
Switzerland,CHE,1995,6.996,3.822,3.4957,406057.6,0.6833,1720.3
Switzerland,CHE,1996,7.038,3.817,3.5022,408063.2,0.6822,1696.9
Switzerland,CHE,1997,7.069,3.819,3.5087,417322.8,0.6752,1687.5
Switzerland,CHE,1998,7.092,3.871,3.5153,430115.1,0.6688,1695.5
Switzerland,CHE,1999,7.115,3.896,3.5219,437622.9,0.6773,1717.4
Switzerland,CHE,2000,7.144,3.928,3.5284,455024.6,0.6722,1712.7
Switzerland,CHE,2001,7.179,3.988,3.5389,462195.0,0.6915,1672.9
Switzerland,CHE,2002,7.22,4.009,3.5495,462169.5,0.71,1651.3
Switzerland,CHE,2003,7.268,3.992,3.56,461953.0,0.702,1664.5
Switzerland,CHE,2004,7.324,4.006,3.5706,474987.1,0.6852,1695.0
Switzerland,CHE,2005,7.387,4.044,3.5813,488679.3,0.6773,1690.0
Switzerland,CHE,2006,7.458,4.145,3.5919,508299.8,0.6593,1679.2
Switzerland,CHE,2007,7.537,4.259,3.6026,528610.1,0.6488,1668.9
Switzerland,CHE,2008,7.623,4.355,3.6133,543175.9,0.6546,1659.5
Switzerland,CHE,2009,7.714,4.373,3.6241,531879.9,0.6806,1650.8
Switzerland,CHE,2010,7.809,4.389,3.6349,549262.2,0.6628,1624.3
Switzerland,CHE,2011,7.907,4.509,3.6423,559810.6,0.6726,1619.3
Switzerland,CHE,2012,8.008,4.598,3.6498,566624.6,0.681,1603.2
Switzerland,CHE,2013,8.109,4.661,3.6573,576946.6,0.6843,1582.9
Switzerland,CHE,2014,8.206,4.747,3.6649,591063.5,0.6829,1575.3
Switzerland,CHE,2015,8.297,4.816,3.6724,600862.0,0.6887,1589.5
Switzerland,CHE,2016,8.38,4.879,3.6799,613150.8,0.6884,1590.2
Switzerland,CHE,2017,8.456,4.922,3.6875,622868.1,0.6894,1569.5
Switzerland,CHE,2018,8.526,4.972,3.6951,641637.6,0.6841,1561.2
Switzerland,CHE,2019,8.591,5.011,3.7027,648579.7,0.6841,1556.9
Chile,CHL,1950,,,,,,
Chile,CHL,1951,6.529,2.098,1.8869,33490.7,0.4777,2527.9
Chile,CHL,1952,6.66,2.12,1.8948,35097.6,0.4777,2514.3
Chile,CHL,1953,6.78,2.143,1.9028,38287.2,0.4777,2500.8
Chile,CHL,1954,6.905,2.166,1.9107,36155.7,0.4777,2487.4
Chile,CHL,1955,7.042,2.19,1.9187,37974.2,0.4777,2474.1
Chile,CHL,1956,7.194,2.216,1.9234,38208.8,0.4777,2460.8
Chile,CHL,1957,7.36,2.242,1.9282,41154.3,0.4777,2447.6
Chile,CHL,1958,7.539,2.269,1.9329,43074.5,0.4777,2434.4
Chile,CHL,1959,7.727,2.296,1.9376,42401.9,0.4777,2421.4
Chile,CHL,1960,7.921,2.324,1.9424,46872.5,0.4777,2408.4
Chile,CHL,1961,8.117,2.36,1.96,49128.4,0.4777,2389.3
Chile,CHL,1962,8.314,2.396,1.9778,51384.3,0.4777,2370.2
Chile,CHL,1963,8.508,2.432,1.9957,54642.8,0.4777,2327.3
Chile,CHL,1964,8.699,2.47,2.0138,55896.1,0.4777,2322.5
Chile,CHL,1965,8.887,2.509,2.0321,56397.4,0.4777,2336.8
Chile,CHL,1966,9.07,2.55,2.0505,62663.8,0.4777,2355.9
Chile,CHL,1967,9.251,2.592,2.0691,64669.0,0.4777,2179.5
Chile,CHL,1968,9.429,2.636,2.0879,66924.9,0.4777,2260.5
Chile,CHL,1969,9.606,2.676,2.1068,69431.5,0.4777,2289.2
Chile,CHL,1970,9.783,2.693,2.126,70935.4,0.4777,2160.4
Chile,CHL,1971,9.943,2.796,2.1506,77287.8,0.4777,2255.8
Chile,CHL,1972,10.104,2.906,2.1755,76350.2,0.4777,2270.1
Chile,CHL,1973,10.266,2.94,2.2008,72101.3,0.4777,2246.2
Chile,CHL,1974,10.429,2.857,2.2263,72803.9,0.4777,2227.2
Chile,CHL,1975,10.592,2.748,2.2521,63404.8,0.4777,2270.1
Chile,CHL,1976,10.757,2.79,2.2782,65635.4,0.4777,2284.4
Chile,CHL,1977,10.923,2.912,2.3046,72106.3,0.4777,2255.8
Chile,CHL,1978,11.089,2.936,2.3313,78031.5,0.4777,2279.6
Chile,CHL,1979,11.255,2.99,2.3584,84493.7,0.4777,2303.5
Chile,CHL,1980,11.419,3.162,2.3857,91206.7,0.4777,2317.8
Chile,CHL,1981,11.582,3.223,2.4129,96872.8,0.4777,2360.7
Chile,CHL,1982,11.744,3.001,2.4404,83709.7,0.4777,2308.2
Chile,CHL,1983,11.908,3.197,2.4683,81364.1,0.4777,2265.3
Chile,CHL,1984,12.078,3.339,2.4964,86152.7,0.4777,2298.7
Chile,CHL,1985,12.257,3.542,2.5249,87848.5,0.4777,2298.7
Chile,CHL,1986,12.446,3.729,2.5537,92764.8,0.4777,2332.1
Chile,CHL,1987,12.643,3.872,2.5753,98881.9,0.4777,2351.2
Chile,CHL,1988,12.848,4.02,2.5951,106111.5,0.4777,2360.7
Chile,CHL,1989,13.059,4.204,2.615,117317.1,0.4777,2370.2
Chile,CHL,1990,13.275,4.323,2.635,121655.0,0.4777,2408.4
Chile,CHL,1991,13.495,4.417,2.6498,131350.8,0.4777,2370.2
Chile,CHL,1992,13.72,4.622,2.6647,147478.0,0.4777,2365.5
Chile,CHL,1993,13.945,4.694,2.6796,157781.2,0.4777,2370.2
Chile,CHL,1994,14.166,4.731,2.6947,166787.6,0.4777,2351.2
Chile,CHL,1995,14.381,4.92,2.7098,184513.0,0.4777,2313.0
Chile,CHL,1996,14.587,5.114,2.725,198191.9,0.4777,2313.0
Chile,CHL,1997,14.786,5.266,2.7403,211283.7,0.4828,2256.0
Chile,CHL,1998,14.978,5.386,2.7556,218110.0,0.5036,2299.0
Chile,CHL,1999,15.163,5.366,2.7711,216450.5,0.5163,2277.0
Chile,CHL,2000,15.342,5.537,2.7867,226167.1,0.4985,2263.0
Chile,CHL,2001,15.516,5.619,2.8053,233804.9,0.4946,2242.0
Chile,CHL,2002,15.684,5.736,2.8241,238911.4,0.4934,2250.0
Chile,CHL,2003,15.85,5.896,2.8429,247924.1,0.5022,2235.0
Chile,CHL,2004,16.015,6.012,2.862,265318.8,0.4568,2232.0
Chile,CHL,2005,16.183,6.23,2.8811,281706.8,0.4311,2157.0
Chile,CHL,2006,16.355,6.451,2.9004,299501.7,0.3849,2165.0
Chile,CHL,2007,16.53,6.631,2.9198,314195.3,0.3841,2128.0
Chile,CHL,2008,16.708,6.721,2.9393,325284.8,0.4309,2095.0
Chile,CHL,2009,16.886,6.747,2.959,320194.4,0.4396,2074.0
Chile,CHL,2010,17.063,6.889,2.9788,338909.4,0.4396,2070.0
Chile,CHL,2011,17.234,7.121,2.9969,359619.3,0.4396,2047.0
Chile,CHL,2012,17.4,7.379,3.0151,378745.8,0.4396,2024.0
Chile,CHL,2013,17.572,7.546,3.0334,394065.9,0.4396,2015.0
Chile,CHL,2014,17.759,7.63,3.0519,401028.0,0.4396,1990.0
Chile,CHL,2015,17.969,7.76,3.0704,410266.8,0.4396,1988.0
Chile,CHL,2016,18.209,7.844,3.0891,417286.8,0.4396,1974.0
Chile,CHL,2017,18.47,7.928,3.1079,422246.5,0.4396,1954.0
Chile,CHL,2018,18.729,7.994,3.1268,438922.4,0.4396,1940.6
Chile,CHL,2019,18.952,8.1,3.1458,443550.6,0.4396,1914.4
Germany,DEU,1950,68.734,30.856,2.427,495069.3,0.6681,2428.3
Germany,DEU,1951,69.074,31.437,2.4693,543108.1,0.6681,2402.4
Germany,DEU,1952,69.449,32.024,2.5123,593801.8,0.6681,2376.9
Germany,DEU,1953,69.847,32.836,2.5561,646696.6,0.6681,2351.6
Germany,DEU,1954,70.264,33.836,2.5873,696936.5,0.6681,2326.5
Germany,DEU,1955,70.694,34.945,2.6176,781282.3,0.6681,2301.8
Germany,DEU,1956,71.14,35.662,2.6198,841620.1,0.6681,2277.3
Germany,DEU,1957,71.605,36.335,2.6219,892676.9,0.6681,2253.1
Germany,DEU,1958,72.098,36.615,2.6241,932478.6,0.6681,2229.1
Germany,DEU,1959,72.625,36.986,2.6263,1005796.0,0.6681,2205.4
Germany,DEU,1960,73.196,37.446,2.6284,1092342.9,0.6681,2181.9
Germany,DEU,1961,73.81,37.826,2.6557,1146960.0,0.6681,2155.3
Germany,DEU,1962,74.457,37.926,2.6833,1201577.1,0.6681,2118.1
Germany,DEU,1963,75.115,37.975,2.7111,1234347.5,0.6681,2087.7
Germany,DEU,1964,75.758,38.026,2.7392,1310811.5,0.6681,2099.2
Germany,DEU,1965,76.362,38.166,2.7677,1387275.5,0.6681,2085.0
Germany,DEU,1966,76.92,38.081,2.7964,1420045.8,0.6681,2058.6
Germany,DEU,1967,77.43,37.351,2.8254,1420045.9,0.6681,2020.9
Germany,DEU,1968,77.884,37.485,2.8547,1496509.8,0.6681,2008.4
Germany,DEU,1969,78.269,37.873,2.8844,1605744.2,0.6681,1988.6
Germany,DEU,1970,78.578,38.096,2.9143,1682208.1,0.6681,1973.2
Germany,DEU,1971,78.79,38.067,2.9397,1734906.8,0.6681,1941.2
Germany,DEU,1972,78.902,38.078,2.9653,1809513.6,0.6681,1916.1
Germany,DEU,1973,78.932,38.331,2.9912,1895962.8,0.6681,1885.6
Germany,DEU,1974,78.91,38.035,3.0172,1912838.2,0.6681,1852.3
Germany,DEU,1975,78.856,37.435,3.0435,1896259.0,0.6681,1812.5
Germany,DEU,1976,78.782,37.521,3.0701,1990109.8,0.6681,1824.9
Germany,DEU,1977,78.687,37.631,3.0968,2056723.0,0.6681,1806.9
Germany,DEU,1978,78.574,37.921,3.1238,2118599.2,0.6681,1787.8
Germany,DEU,1979,78.438,38.397,3.1511,2206529.0,0.6681,1775.8
Germany,DEU,1980,78.283,38.705,3.1785,2237615.0,0.6681,1756.7
Germany,DEU,1981,78.108,38.621,3.2028,2249457.8,0.6681,1734.7
Germany,DEU,1982,77.926,38.31,3.2273,2240575.8,0.6681,1723.6
Germany,DEU,1983,77.77,38.03,3.252,2275807.0,0.6681,1710.6
Germany,DEU,1984,77.682,38.226,3.2769,2340051.5,0.6681,1699.5
Germany,DEU,1985,77.692,38.573,3.302,2394526.8,0.6681,1676.5
Germany,DEU,1986,77.806,39.016,3.3273,2449297.2,0.6681,1657.4
Germany,DEU,1987,78.016,39.356,3.3527,2483640.2,0.6681,1634.3
Germany,DEU,1988,78.308,39.598,3.3784,2575714.5,0.6681,1629.3
Germany,DEU,1989,78.66,39.832,3.4042,2676078.8,0.6681,1606.2
Germany,DEU,1990,79.054,39.548,3.4303,2816706.8,0.6681,1583.2
Germany,DEU,1991,79.491,38.643,3.4436,2960591.8,0.6681,1554.1
Germany,DEU,1992,79.963,38.071,3.4571,3017526.0,0.6763,1565.1
Germany,DEU,1993,80.429,37.548,3.4705,2988049.2,0.6779,1540.2
Germany,DEU,1994,80.833,37.622,3.4841,3059520.2,0.6618,1536.6
Germany,DEU,1995,81.139,37.816,3.4976,3106764.0,0.6611,1530.6
Germany,DEU,1996,81.324,37.807,3.5113,3131798.8,0.6582,1516.8
Germany,DEU,1997,81.399,37.77,3.5249,3187925.5,0.6466,1507.7
Germany,DEU,1998,81.403,38.218,3.5387,3252128.5,0.6398,1504.6
Germany,DEU,1999,81.39,38.807,3.5525,3313504.5,0.6452,1491.5
Germany,DEU,2000,81.401,39.603,3.5663,3410010.2,0.6542,1465.9
Germany,DEU,2001,81.454,39.451,3.5749,3467348.8,0.6412,1458.2
Germany,DEU,2002,81.535,39.234,3.5836,3460484.2,0.636,1448.9
Germany,DEU,2003,81.614,38.825,3.5922,3436257.0,0.6339,1443.4
Germany,DEU,2004,81.646,38.973,3.6009,3476635.8,0.6196,1442.6
Germany,DEU,2005,81.603,38.924,3.6096,3502074.8,0.6129,1432.4
Germany,DEU,2006,81.472,39.186,3.6183,3635729.2,0.5985,1453.2
Germany,DEU,2007,81.278,39.814,3.627,3743945.0,0.5902,1454.1
Germany,DEU,2008,81.066,40.345,3.6358,3779882.5,0.6046,1447.3
Germany,DEU,2009,80.9,40.429,3.6445,3564662.0,0.6265,1405.1
Germany,DEU,2010,80.827,40.632,3.6533,3713661.0,0.616,1425.7
Germany,DEU,2011,80.856,41.225,3.6558,3859429.0,0.6161,1426.9
Germany,DEU,2012,80.973,41.678,3.6582,3875580.8,0.6285,1408.0
Germany,DEU,2013,81.174,41.996,3.6607,3892540.0,0.6308,1396.5
Germany,DEU,2014,81.45,42.331,3.6631,3978547.5,0.628,1400.4
Germany,DEU,2015,81.787,42.536,3.6656,4037904.8,0.6291,1400.8
Germany,DEU,2016,82.194,42.927,3.668,4127949.8,0.6296,1394.8
Germany,DEU,2017,82.658,43.593,3.6705,4235358.0,0.6334,1391.3
Germany,DEU,2018,83.124,44.306,3.6729,4289062.0,0.6419,1389.9
Germany,DEU,2019,83.517,44.795,3.6754,4312886.0,0.6419,1386.2
Denmark,DNK,1950,4.273,1.974,2.8422,54773.2,0.6416,2049.5
Denmark,DNK,1951,4.306,1.997,2.7611,53854.6,0.6416,2035.1
Denmark,DNK,1952,4.336,1.978,2.6823,55053.0,0.6416,2020.7
Denmark,DNK,1953,4.371,2.022,2.6057,58471.6,0.6416,2006.5
Denmark,DNK,1954,4.408,2.039,2.5175,61407.1,0.6416,1992.3
Denmark,DNK,1955,4.441,2.033,2.4115,61133.2,0.6416,1978.3
Denmark,DNK,1956,4.469,2.022,2.4439,62363.6,0.6416,1964.3
Denmark,DNK,1957,4.49,2.026,2.4767,64670.2,0.6416,1950.4
Denmark,DNK,1958,4.517,2.033,2.5099,66182.6,0.6416,1936.7
Denmark,DNK,1959,4.549,2.073,2.5436,71480.5,0.6416,1923.0
Denmark,DNK,1960,4.583,2.112,2.5719,75765.2,0.6416,1909.5
Denmark,DNK,1961,4.612,2.142,2.5899,80719.5,0.6416,1921.4
Denmark,DNK,1962,4.649,2.175,2.6079,85672.1,0.6416,1933.4
Denmark,DNK,1963,4.686,2.202,2.6261,86696.5,0.6416,1945.5
Denmark,DNK,1964,4.723,2.247,2.6445,94039.4,0.6416,1957.7
Denmark,DNK,1965,4.76,2.288,2.6629,97855.5,0.6416,1969.9
Denmark,DNK,1966,4.8,2.328,2.6815,101315.0,0.6416,1982.3
Denmark,DNK,1967,4.841,2.328,2.7002,107120.5,0.6416,1953.7
Denmark,DNK,1968,4.87,2.345,2.7191,113113.2,0.6416,1909.2
Denmark,DNK,1969,4.893,2.391,2.7381,120416.9,0.6416,1869.7
Denmark,DNK,1970,4.931,2.423,2.7572,122289.7,0.6416,1845.3
Denmark,DNK,1971,4.962,2.417,2.7752,125964.5,0.6416,1809.7
Denmark,DNK,1972,4.991,2.466,2.7934,130914.1,0.6416,1751.8
Denmark,DNK,1973,5.017,2.495,2.8117,136272.3,0.6416,1709.5
Denmark,DNK,1974,5.041,2.475,2.8301,134742.8,0.6416,1691.5
Denmark,DNK,1975,5.063,2.446,2.8486,132780.2,0.6416,1616.5
Denmark,DNK,1976,5.081,2.49,2.8672,140646.8,0.6416,1623.5
Denmark,DNK,1977,5.097,2.485,2.886,143277.3,0.6416,1598.4
Denmark,DNK,1978,5.11,2.504,2.9049,146467.1,0.6416,1575.2
Denmark,DNK,1979,5.119,2.531,2.9239,152134.0,0.6416,1563.8
Denmark,DNK,1980,5.124,2.516,2.943,151399.2,0.6416,1577.4
Denmark,DNK,1981,5.125,2.478,2.9587,150390.7,0.6416,1546.4
Denmark,DNK,1982,5.123,2.49,2.9746,155932.1,0.6416,1552.8
Denmark,DNK,1983,5.12,2.491,2.9905,159980.2,0.6416,1546.0
Denmark,DNK,1984,5.116,2.527,3.0065,166645.2,0.6416,1540.8
Denmark,DNK,1985,5.114,2.584,3.0226,173317.2,0.6416,1527.5
Denmark,DNK,1986,5.115,2.644,3.0388,181817.0,0.6416,1531.0
Denmark,DNK,1987,5.117,2.661,3.055,182279.3,0.6416,1493.0
Denmark,DNK,1988,5.122,2.65,3.0714,182254.4,0.6416,1471.2
Denmark,DNK,1989,5.13,2.644,3.0878,183430.4,0.6416,1455.0
Denmark,DNK,1990,5.141,2.634,3.1043,186136.4,0.6416,1440.5
Denmark,DNK,1991,5.155,2.609,3.1235,188730.5,0.6416,1437.3
Denmark,DNK,1992,5.172,2.588,3.1427,192424.0,0.6416,1452.4
Denmark,DNK,1993,5.191,2.546,3.1621,192444.5,0.6416,1448.9
Denmark,DNK,1994,5.211,2.598,3.1816,202706.5,0.6416,1406.7
Denmark,DNK,1995,5.233,2.612,3.2012,208843.7,0.6416,1419.1
Denmark,DNK,1996,5.255,2.634,3.221,214900.3,0.6471,1412.3
Denmark,DNK,1997,5.278,2.671,3.2408,221908.0,0.6419,1428.1
Denmark,DNK,1998,5.3,2.71,3.2608,226830.2,0.6566,1441.1
Denmark,DNK,1999,5.322,2.735,3.2809,233517.2,0.6487,1456.5
Denmark,DNK,2000,5.341,2.756,3.3012,242266.9,0.6222,1465.9
Denmark,DNK,2001,5.358,2.782,3.3147,244261.1,0.6365,1468.7
Denmark,DNK,2002,5.373,2.783,3.3283,245400.2,0.6409,1462.6
Denmark,DNK,2003,5.387,2.757,3.342,246357.4,0.6423,1457.8
Denmark,DNK,2004,5.403,2.743,3.3557,252930.8,0.6324,1458.1
Denmark,DNK,2005,5.422,2.784,3.3694,258840.9,0.6346,1451.4
Denmark,DNK,2006,5.444,2.85,3.3833,268969.3,0.6326,1455.7
Denmark,DNK,2007,5.47,2.917,3.3971,271414.9,0.6493,1432.8
Denmark,DNK,2008,5.498,2.949,3.4111,270025.2,0.6494,1430.1
Denmark,DNK,2009,5.526,2.856,3.4251,256776.3,0.6718,1417.0
Denmark,DNK,2010,5.555,2.791,3.4391,261580.6,0.6413,1422.3
Denmark,DNK,2011,5.583,2.793,3.4566,265077.3,0.6372,1437.0
Denmark,DNK,2012,5.611,2.776,3.4741,265677.6,0.6299,1423.3
Denmark,DNK,2013,5.638,2.778,3.4917,268157.3,0.6283,1425.6
Denmark,DNK,2014,5.664,2.801,3.5094,272499.8,0.6206,1413.8
Denmark,DNK,2015,5.689,2.832,3.5272,278883.4,0.6191,1407.1
Denmark,DNK,2016,5.711,2.868,3.5451,287935.8,0.6185,1412.0
Denmark,DNK,2017,5.732,2.905,3.563,296060.7,0.6156,1405.4
Denmark,DNK,2018,5.752,2.942,3.5811,302501.9,0.6204,1381.9
Denmark,DNK,2019,5.772,2.972,3.5993,311121.7,0.6204,1380.6
Spain,ESP,1950,28.069,11.644,1.8717,144616.9,0.6272,2209.3
Spain,ESP,1951,28.304,11.683,1.8711,168954.8,0.6272,2205.1
Spain,ESP,1952,28.556,11.729,1.8704,177076.3,0.6272,2201.0
Spain,ESP,1953,28.81,11.804,1.8698,170894.1,0.6272,2197.1
Spain,ESP,1954,29.067,11.891,1.8692,194493.4,0.6272,2214.1
Spain,ESP,1955,29.325,12.044,1.8686,206226.6,0.6272,2196.0
Spain,ESP,1956,29.585,12.228,1.883,222172.7,0.6272,2179.9
Spain,ESP,1957,29.848,12.409,1.8975,231959.4,0.6272,2164.8
Spain,ESP,1958,30.113,12.644,1.9121,242080.7,0.6272,2150.2
Spain,ESP,1959,30.379,12.493,1.9268,235501.0,0.6272,2139.6
Spain,ESP,1960,30.648,12.354,1.9417,262916.1,0.6272,2130.4
Spain,ESP,1961,30.911,12.562,1.9526,296703.8,0.6272,2112.1
Spain,ESP,1962,31.165,12.641,1.9636,328458.7,0.6272,2094.9
Spain,ESP,1963,31.437,12.725,1.9746,361434.1,0.6272,2078.0
Spain,ESP,1964,31.748,12.792,1.9857,380918.3,0.6272,2032.3
Spain,ESP,1965,32.091,12.889,1.9969,408260.8,0.6272,2024.5
Spain,ESP,1966,32.459,13.012,2.0081,440091.5,0.6272,2025.9
Spain,ESP,1967,32.857,13.099,2.0194,457926.9,0.6272,2034.8
Spain,ESP,1968,33.246,13.193,2.0308,486532.3,0.6272,1997.0
Spain,ESP,1969,33.573,13.316,2.0422,532671.7,0.6272,1988.8
Spain,ESP,1970,33.884,13.451,2.0537,553415.2,0.6272,1996.7
Spain,ESP,1971,34.267,13.576,2.0684,579146.1,0.6272,1996.8
Spain,ESP,1972,34.664,13.752,2.0833,626345.1,0.6272,1992.7
Spain,ESP,1973,35.069,14.121,2.0982,675127.7,0.6272,1980.9
Spain,ESP,1974,35.476,14.217,2.1133,713061.7,0.6272,1987.0
Spain,ESP,1975,35.879,13.974,2.1285,716927.9,0.6272,1996.9
Spain,ESP,1976,36.277,13.81,2.1438,740613.7,0.6272,2007.0
Spain,ESP,1977,36.667,13.678,2.1592,761636.6,0.6272,2000.8
Spain,ESP,1978,37.04,13.294,2.1747,772779.3,0.6272,1973.6
Spain,ESP,1979,37.387,13.011,2.1903,773100.4,0.6272,1929.9
Spain,ESP,1980,37.698,12.724,2.2061,790176.1,0.6272,1918.1
Spain,ESP,1981,37.972,12.422,2.2275,789129.4,0.6272,1884.0
Spain,ESP,1982,38.21,12.317,2.2492,798965.6,0.6272,1862.9
Spain,ESP,1983,38.413,12.274,2.2711,813108.2,0.6272,1830.8
Spain,ESP,1984,38.587,11.998,2.2932,827619.6,0.6272,1786.7
Spain,ESP,1985,38.734,11.867,2.3156,846832.2,0.6272,1776.7
Spain,ESP,1986,38.856,12.126,2.3381,874382.4,0.6272,1768.7
Spain,ESP,1987,38.954,12.682,2.3609,922885.6,0.6272,1760.6
Spain,ESP,1988,39.039,13.097,2.3839,969900.3,0.6272,1756.6
Spain,ESP,1989,39.119,13.543,2.4071,1016717.7,0.6272,1744.6
Spain,ESP,1990,39.203,14.039,2.4305,1055163.8,0.6272,1746.5
Spain,ESP,1991,39.299,14.206,2.4537,1082028.2,0.6272,1755.5
Spain,ESP,1992,39.411,13.98,2.4771,1092082.6,0.6272,1747.6
Spain,ESP,1993,39.534,13.555,2.5008,1080817.9,0.6272,1739.6
Spain,ESP,1994,39.66,13.47,2.5247,1106575.9,0.6272,1738.5
Spain,ESP,1995,39.787,13.71,2.5488,1137089.6,0.6272,1738.8
Spain,ESP,1996,39.909,13.893,2.5688,1167342.2,0.6256,1740.3
Spain,ESP,1997,40.035,14.397,2.5853,1210564.0,0.6384,1742.6
Spain,ESP,1998,40.202,15.028,2.6019,1263744.5,0.6433,1751.1
Spain,ESP,1999,40.454,15.747,2.6186,1320492.9,0.6476,1756.3
Spain,ESP,2000,40.825,16.606,2.6354,1389765.8,0.6458,1752.8
Spain,ESP,2001,41.319,17.228,2.6517,1444424.6,0.6379,1762.1
Spain,ESP,2002,41.92,17.661,2.6681,1483872.2,0.6368,1763.6
Spain,ESP,2003,42.596,18.189,2.6846,1528119.6,0.6335,1754.6
Spain,ESP,2004,43.308,18.843,2.7012,1575839.8,0.6298,1739.9
Spain,ESP,2005,44.019,19.625,2.7179,1633389.9,0.6243,1723.7
Spain,ESP,2006,44.729,20.411,2.7348,1700403.4,0.6225,1713.7
Spain,ESP,2007,45.429,21.006,2.7517,1761697.8,0.6088,1701.3
Spain,ESP,2008,46.069,20.988,2.7687,1777326.5,0.5993,1710.1
Spain,ESP,2009,46.584,19.702,2.7858,1710441.5,0.5918,1715.8
Spain,ESP,2010,46.931,19.413,2.8031,1713229.8,0.5943,1705.8
Spain,ESP,2011,47.084,18.914,2.8228,1699277.6,0.5857,1710.7
Spain,ESP,2012,47.063,18.136,2.8426,1648988.5,0.5665,1696.7
Spain,ESP,2013,46.931,17.701,2.8626,1625319.1,0.5583,1689.8
Spain,ESP,2014,46.778,17.88,2.8827,1647812.0,0.5578,1690.6
Spain,ESP,2015,46.672,18.353,2.9029,1711008.5,0.5589,1694.2
Spain,ESP,2016,46.634,18.714,2.9233,1762874.1,0.5541,1701.5
Spain,ESP,2017,46.647,19.172,2.9439,1815295.9,0.5528,1689.5
Spain,ESP,2018,46.693,19.529,2.9646,1859408.2,0.5554,1695.5
Spain,ESP,2019,46.737,19.872,2.9854,1895669.0,0.5554,1686.0
Finland,FIN,1950,4.014,2.189,2.1192,29957.1,0.6923,2024.6
Finland,FIN,1951,4.053,2.19,2.1271,32464.7,0.6923,2025.1
Finland,FIN,1952,4.096,2.194,2.1351,34111.5,0.6923,2025.7
Finland,FIN,1953,4.145,2.2,2.143,33983.3,0.6923,2026.3
Finland,FIN,1954,4.192,2.205,2.151,36753.3,0.6923,2026.9
Finland,FIN,1955,4.24,2.21,2.1591,39759.3,0.6923,2027.5
Finland,FIN,1956,4.287,2.214,2.1668,40926.5,0.6923,2028.1
Finland,FIN,1957,4.33,2.215,2.1745,41099.4,0.6923,2028.7
Finland,FIN,1958,4.366,2.212,2.1822,41058.5,0.6923,2029.3
Finland,FIN,1959,4.4,2.209,2.19,44072.8,0.6923,2029.9
Finland,FIN,1960,4.435,2.205,2.1979,47795.9,0.6923,2030.5
Finland,FIN,1961,4.467,2.247,2.2183,51430.8,0.6923,2029.5
Finland,FIN,1962,4.497,2.238,2.2389,52964.4,0.6923,2022.3
Finland,FIN,1963,4.529,2.246,2.2596,54704.2,0.6923,2019.2
Finland,FIN,1964,4.555,2.245,2.2806,57805.3,0.6923,2043.9
Finland,FIN,1965,4.57,2.272,2.3018,60638.9,0.6923,2043.9
Finland,FIN,1966,4.587,2.276,2.3232,62339.0,0.6923,2020.2
Finland,FIN,1967,4.612,2.234,2.3448,63472.5,0.6923,2002.6
Finland,FIN,1968,4.633,2.205,2.3665,64605.9,0.6923,1987.2
Finland,FIN,1969,4.63,2.238,2.3885,70839.8,0.6923,1968.6
Finland,FIN,1970,4.612,2.286,2.4107,76507.0,0.6923,1979.9
Finland,FIN,1971,4.629,2.276,2.4463,78310.2,0.6923,1944.4
Finland,FIN,1972,4.651,2.294,2.4825,84367.9,0.6923,1928.7
Finland,FIN,1973,4.675,2.336,2.5193,90260.0,0.6923,1913.0
Finland,FIN,1974,4.699,2.343,2.5565,93181.3,0.6923,1906.7
Finland,FIN,1975,4.719,2.332,2.5831,94863.1,0.6923,1899.1
Finland,FIN,1976,4.734,2.312,2.6087,95189.8,0.7029,1896.1
Finland,FIN,1977,4.747,2.269,2.6347,95417.8,0.6964,1887.8
Finland,FIN,1978,4.758,2.247,2.6608,98203.7,0.6642,1893.3
Finland,FIN,1979,4.771,2.297,2.6873,105197.7,0.6497,1869.1
Finland,FIN,1980,4.788,2.364,2.714,110866.9,0.6634,1790.0
Finland,FIN,1981,4.81,2.404,2.7376,112325.8,0.6732,1783.8
Finland,FIN,1982,4.835,2.418,2.7615,115816.9,0.6665,1776.4
Finland,FIN,1983,4.862,2.409,2.7856,119426.5,0.6607,1766.1
Finland,FIN,1984,4.888,2.417,2.8099,123293.1,0.658,1761.9
Finland,FIN,1985,4.911,2.43,2.8343,127668.7,0.672,1755.9
Finland,FIN,1986,4.93,2.423,2.859,131186.8,0.6703,1739.3
Finland,FIN,1987,4.946,2.448,2.884,135876.5,0.6684,1746.3
Finland,FIN,1988,4.961,2.456,2.9091,142965.3,0.6637,1749.9
Finland,FIN,1989,4.977,2.484,2.9345,150238.2,0.6639,1750.0
Finland,FIN,1990,4.996,2.473,2.96,151245.2,0.6793,1726.4
Finland,FIN,1991,5.019,2.334,2.9768,142342.4,0.7081,1707.3
Finland,FIN,1992,5.045,2.177,2.9936,137652.7,0.6799,1706.4
Finland,FIN,1993,5.072,2.053,3.0105,136741.5,0.6335,1705.9
Finland,FIN,1994,5.097,2.021,3.0275,142160.6,0.6074,1726.8
Finland,FIN,1995,5.119,2.063,3.0446,148155.3,0.5906,1732.5
Finland,FIN,1996,5.137,2.099,3.0619,153588.4,0.5927,1731.0
Finland,FIN,1997,5.152,2.17,3.0792,163316.4,0.5786,1726.8
Finland,FIN,1998,5.164,2.212,3.0966,172228.9,0.5691,1716.5
Finland,FIN,1999,5.176,2.258,3.1141,179771.8,0.5733,1716.1
Finland,FIN,2000,5.188,2.305,3.1317,190150.7,0.5663,1704.7
Finland,FIN,2001,5.2,2.341,3.1515,195113.6,0.5604,1689.9
Finland,FIN,2002,5.213,2.37,3.1714,198444.5,0.5652,1682.5
Finland,FIN,2003,5.227,2.376,3.1915,202420.9,0.5693,1676.4
Finland,FIN,2004,5.242,2.389,3.2117,210501.7,0.564,1677.7
Finland,FIN,2005,5.259,2.425,3.2321,216353.4,0.5728,1667.0
Finland,FIN,2006,5.277,2.47,3.2525,225066.8,0.5749,1661.7
Finland,FIN,2007,5.298,2.523,3.2731,236993.8,0.5592,1658.0
Finland,FIN,2008,5.319,2.578,3.2938,238851.9,0.5703,1653.8
Finland,FIN,2009,5.342,2.511,3.3147,219565.9,0.6079,1632.5
Finland,FIN,2010,5.366,2.496,3.3357,226561.2,0.5968,1637.9
Finland,FIN,2011,5.39,2.535,3.354,232333.2,0.6001,1630.3
Finland,FIN,2012,5.415,2.556,3.3725,229086.2,0.614,1619.7
Finland,FIN,2013,5.439,2.537,3.391,227020.6,0.6104,1612.2
Finland,FIN,2014,5.461,2.526,3.4097,226192.1,0.6013,1609.5
Finland,FIN,2015,5.481,2.525,3.4284,227421.9,0.5934,1607.1
Finland,FIN,2016,5.498,2.536,3.4473,233815.7,0.5883,1606.3
Finland,FIN,2017,5.511,2.563,3.4662,241461.9,0.5678,1600.3
Finland,FIN,2018,5.523,2.629,3.4853,245126.3,0.5713,1597.7
Finland,FIN,2019,5.532,2.674,3.5045,247934.3,0.5713,1590.7
France,FRA,1950,42.55,19.554,2.1836,372193.6,0.6681,2351.0
France,FRA,1951,42.894,19.688,2.192,392871.0,0.6679,2360.5
France,FRA,1952,43.216,19.768,2.2004,405595.6,0.6871,2338.8
France,FRA,1953,43.528,19.694,2.2088,419910.7,0.6796,2313.3
France,FRA,1954,43.855,19.734,2.2173,443769.2,0.6844,2316.4
France,FRA,1955,44.251,19.888,2.2258,467627.8,0.6796,2292.0
France,FRA,1956,44.691,20.138,2.2037,491486.4,0.6818,2236.1
France,FRA,1957,45.186,20.292,2.1819,518526.1,0.677,2199.6
France,FRA,1958,45.688,20.243,2.1602,532841.2,0.6723,2179.4
France,FRA,1959,46.164,20.134,2.1388,547156.4,0.6697,2179.2
France,FRA,1960,46.619,20.168,2.1176,591692.4,0.6585,2188.5
France,FRA,1961,47.164,20.16,2.1362,621913.2,0.6655,2165.2
France,FRA,1962,48.125,20.144,2.1549,663268.0,0.6757,2177.8
France,FRA,1963,48.836,20.294,2.1738,706213.4,0.6806,2159.3
France,FRA,1964,49.394,20.511,2.1929,752340.0,0.6777,2166.2
France,FRA,1965,49.84,20.574,2.2121,788923.1,0.6714,2153.2
France,FRA,1966,50.293,20.732,2.2315,830277.9,0.6669,2144.6
France,FRA,1967,50.689,20.79,2.2511,871632.9,0.6626,2110.5
France,FRA,1968,51.073,20.737,2.2708,909806.4,0.6677,2086.6
France,FRA,1969,51.509,21.049,2.2907,975019.9,0.6553,2011.9
France,FRA,1970,51.958,21.332,2.3108,1035461.6,0.6558,1992.5
France,FRA,1971,52.371,21.391,2.3382,1090514.1,0.6556,1989.7
France,FRA,1972,52.793,21.506,2.3659,1139711.2,0.6592,1936.6
France,FRA,1973,53.208,21.795,2.3939,1212021.2,0.654,1920.4
France,FRA,1974,53.592,22.007,2.4222,1264149.2,0.6542,1888.5
France,FRA,1975,53.931,21.866,2.4509,1252014.9,0.6836,1862.6
France,FRA,1976,54.22,22.083,2.4799,1306562.2,0.687,1888.9
France,FRA,1977,54.468,22.291,2.5093,1351825.5,0.6843,1850.3
France,FRA,1978,54.692,22.424,2.539,1405608.5,0.6898,1819.0
France,FRA,1979,54.917,22.571,2.5661,1455507.5,0.6884,1815.5
France,FRA,1980,55.162,22.662,2.5865,1478486.2,0.6913,1806.1
France,FRA,1981,55.43,22.631,2.6072,1494291.5,0.689,1785.6
France,FRA,1982,55.719,22.686,2.6281,1531729.5,0.69,1714.4
France,FRA,1983,56.024,22.69,2.6491,1550736.2,0.6808,1696.3
France,FRA,1984,56.338,22.573,2.6703,1574210.1,0.6681,1689.7
France,FRA,1985,56.655,22.553,2.6917,1599756.0,0.6594,1654.3
France,FRA,1986,56.976,22.697,2.7132,1637146.6,0.639,1648.4
France,FRA,1987,57.303,22.922,2.7349,1679088.8,0.6336,1659.4
France,FRA,1988,57.627,23.17,2.7568,1758730.4,0.6185,1667.4
France,FRA,1989,57.94,23.468,2.7789,1835127.2,0.612,1651.3
France,FRA,1990,58.236,23.66,2.8011,1888785.1,0.6176,1644.9
France,FRA,1991,58.512,23.685,2.8101,1908582.9,0.6189,1637.8
France,FRA,1992,58.773,23.526,2.819,1939107.6,0.6174,1635.2
France,FRA,1993,59.023,23.283,2.828,1926917.1,0.6193,1626.7
France,FRA,1994,59.266,23.411,2.837,1972360.5,0.6172,1623.2
France,FRA,1995,59.508,23.659,2.8461,2013912.0,0.6202,1601.2
France,FRA,1996,59.749,23.806,2.8551,2042368.6,0.6234,1597.3
France,FRA,1997,59.989,24.004,2.8642,2090084.4,0.617,1595.6
France,FRA,1998,60.244,24.439,2.8734,2165090.2,0.6123,1585.3
France,FRA,1999,60.535,25.02,2.8825,2239166.2,0.6186,1578.3
France,FRA,2000,60.874,25.625,2.8917,2327023.8,0.6154,1558.3
France,FRA,2001,61.269,25.974,2.9078,2373185.2,0.6171,1538.0
France,FRA,2002,61.712,26.102,2.9239,2400133.5,0.6216,1503.9
France,FRA,2003,62.182,26.124,2.9402,2419890.5,0.6218,1507.3
France,FRA,2004,62.65,26.165,2.9565,2488367.2,0.6164,1530.9
France,FRA,2005,63.093,26.335,2.9729,2529754.5,0.6158,1532.1
France,FRA,2006,63.503,26.61,2.9894,2591716.2,0.6156,1515.0
France,FRA,2007,63.885,26.991,3.0061,2654558.5,0.6073,1536.8
France,FRA,2008,64.245,27.132,3.0228,2661326.2,0.6077,1542.8
France,FRA,2009,64.598,26.833,3.0395,2584858.0,0.6213,1531.5
France,FRA,2010,64.953,26.876,3.0564,2635248.2,0.6207,1539.8
France,FRA,2011,65.31,27.098,3.0753,2693031.5,0.6192,1546.3
France,FRA,2012,65.666,27.209,3.0942,2701464.0,0.6234,1540.9
France,FRA,2013,66.008,27.216,3.1133,2717033.2,0.6232,1526.2
France,FRA,2014,66.321,27.312,3.1325,2743013.2,0.6237,1518.1
France,FRA,2015,66.596,27.385,3.1517,2773540.5,0.618,1519.5
France,FRA,2016,66.828,27.584,3.1712,2803924.0,0.6203,1522.1
France,FRA,2017,67.022,27.882,3.1907,2868173.5,0.6234,1505.4
France,FRA,2018,67.191,28.182,3.2104,2919595.8,0.6241,1495.5
France,FRA,2019,67.351,28.533,3.2301,2963640.8,0.6241,1504.9
United Kingdom,GBR,1950,50.074,23.208,2.4345,608932.6,0.5514,2183.9
United Kingdom,GBR,1951,50.237,23.553,2.4447,634921.8,0.5514,2192.7
United Kingdom,GBR,1952,50.377,23.54,2.4549,639894.3,0.5514,2160.9
United Kingdom,GBR,1953,50.54,23.653,2.4652,669411.7,0.5514,2164.8
United Kingdom,GBR,1954,50.712,23.987,2.4755,689308.4,0.5514,2168.9
United Kingdom,GBR,1955,50.892,24.247,2.4859,709357.6,0.5514,2167.4
United Kingdom,GBR,1956,51.13,24.462,2.4986,716462.1,0.5514,2153.8
United Kingdom,GBR,1957,51.376,24.491,2.5114,725356.5,0.5514,2132.3
United Kingdom,GBR,1958,51.598,24.227,2.5242,727693.9,0.5514,2102.5
United Kingdom,GBR,1959,51.901,23.71,2.5372,750627.0,0.5514,2112.2
United Kingdom,GBR,1960,52.317,24.132,2.5501,781951.8,0.5514,2103.6
United Kingdom,GBR,1961,52.751,24.405,2.5716,798796.9,0.5514,2066.8
United Kingdom,GBR,1962,53.236,24.58,2.5899,812856.4,0.5514,2029.0
United Kingdom,GBR,1963,53.569,24.609,2.6084,844295.2,0.5514,2020.6
United Kingdom,GBR,1964,53.934,24.897,2.627,891694.2,0.5514,2020.8
United Kingdom,GBR,1965,54.293,25.151,2.6458,912431.2,0.5514,1997.6
United Kingdom,GBR,1966,54.585,25.301,2.6646,930205.9,0.5514,1941.6
United Kingdom,GBR,1967,54.901,24.939,2.6836,950942.9,0.5514,1929.5
United Kingdom,GBR,1968,55.156,24.789,2.7028,1019079.1,0.5514,1922.2
United Kingdom,GBR,1969,55.403,24.805,2.7221,1010191.8,0.5514,1912.6
United Kingdom,GBR,1970,55.573,24.701,2.7415,1030928.8,0.5514,1870.9
United Kingdom,GBR,1971,55.749,24.438,2.7638,1067060.8,0.5514,1830.1
United Kingdom,GBR,1972,55.892,24.497,2.7862,1113174.8,0.5514,1851.4
United Kingdom,GBR,1973,56.006,24.875,2.8088,1185797.4,0.5514,1860.3
United Kingdom,GBR,1974,56.092,24.971,2.8316,1156336.6,0.5514,1845.3
United Kingdom,GBR,1975,56.152,24.905,2.8546,1139296.9,0.5514,1814.1
United Kingdom,GBR,1976,56.188,24.778,2.8777,1172453.2,0.5514,1807.0
United Kingdom,GBR,1977,56.204,24.82,2.9011,1201268.8,0.5514,1816.9
United Kingdom,GBR,1978,56.206,24.957,2.9246,1251773.8,0.5514,1818.0
United Kingdom,GBR,1979,56.205,25.185,2.9484,1298702.5,0.5514,1815.5
United Kingdom,GBR,1980,56.209,25.04,2.9723,1272321.6,0.5514,1785.4
United Kingdom,GBR,1981,56.221,24.36,2.994,1262299.2,0.5514,1749.1
United Kingdom,GBR,1982,56.241,23.909,3.016,1287480.1,0.5514,1745.4
United Kingdom,GBR,1983,56.277,23.731,3.038,1341836.8,0.5514,1739.5
United Kingdom,GBR,1984,56.333,24.229,3.0603,1372283.0,0.5514,1745.8
United Kingdom,GBR,1985,56.414,24.503,3.0827,1429197.9,0.5514,1748.1
United Kingdom,GBR,1986,56.523,24.627,3.1052,1474223.2,0.5514,1742.7
United Kingdom,GBR,1987,56.658,25.096,3.128,1553723.0,0.5514,1747.6
United Kingdom,GBR,1988,56.813,25.912,3.1509,1642788.9,0.5504,1754.7
United Kingdom,GBR,1989,56.974,26.585,3.1739,1685133.4,0.5567,1758.6
United Kingdom,GBR,1990,57.134,26.704,3.1972,1697498.5,0.5758,1745.9
United Kingdom,GBR,1991,57.291,25.99,3.2271,1678773.5,0.582,1720.5
United Kingdom,GBR,1992,57.446,25.372,3.2573,1685506.0,0.5798,1714.3
United Kingdom,GBR,1993,57.602,25.144,3.2879,1727472.4,0.5639,1710.3
United Kingdom,GBR,1994,57.763,25.351,3.3187,1793911.8,0.5499,1720.6
United Kingdom,GBR,1995,57.932,25.67,3.3497,1839327.6,0.5442,1722.6
United Kingdom,GBR,1996,58.114,25.925,3.3811,1885156.5,0.534,1722.1
United Kingdom,GBR,1997,58.307,26.408,3.4128,1978948.6,0.5509,1721.2
United Kingdom,GBR,1998,58.51,26.691,3.4448,2052323.4,0.5572,1717.0
United Kingdom,GBR,1999,58.716,27.067,3.477,2119951.5,0.5797,1708.6
United Kingdom,GBR,2000,58.923,27.38,3.5096,2194281.8,0.5884,1693.0
United Kingdom,GBR,2001,59.124,27.596,3.5285,2254192.8,0.6008,1696.0
United Kingdom,GBR,2002,59.326,27.804,3.5475,2303306.0,0.593,1678.6
United Kingdom,GBR,2003,59.561,28.06,3.5666,2379819.2,0.5876,1669.4
United Kingdom,GBR,2004,59.873,28.354,3.5858,2434228.5,0.5973,1666.7
United Kingdom,GBR,2005,60.288,28.673,3.6051,2506176.8,0.5948,1669.7
United Kingdom,GBR,2006,60.821,29.001,3.6245,2573688.2,0.6001,1664.0
United Kingdom,GBR,2007,61.455,29.316,3.644,2634442.0,0.6036,1665.8
United Kingdom,GBR,2008,62.145,29.663,3.6636,2627097.8,0.5952,1660.5
United Kingdom,GBR,2009,62.829,29.289,3.6833,2519020.2,0.6001,1638.3
United Kingdom,GBR,2010,63.46,29.425,3.7031,2571266.0,0.5993,1643.2
United Kingdom,GBR,2011,64.022,29.605,3.7109,2604068.0,0.5969,1639.8
United Kingdom,GBR,2012,64.525,29.953,3.7187,2641316.2,0.5913,1655.0
United Kingdom,GBR,2013,64.984,30.314,3.7265,2699058.5,0.5955,1666.0
United Kingdom,GBR,2014,65.423,31.011,3.7343,2776325.2,0.585,1672.4
United Kingdom,GBR,2015,65.86,31.507,3.7421,2841931.8,0.5851,1669.5
United Kingdom,GBR,2016,66.298,31.938,3.75,2890880.8,0.5862,1667.7
United Kingdom,GBR,2017,66.727,32.243,3.7578,2941191.0,0.587,1668.9
United Kingdom,GBR,2018,67.142,32.632,3.7657,2978032.2,0.5896,1663.2
United Kingdom,GBR,2019,67.53,32.982,3.7736,3015582.8,0.5896,1667.9
Greece,GRC,1950,,,,,,
Greece,GRC,1951,7.534,3.375,1.531,38960.2,0.4882,2312.6
Greece,GRC,1952,7.62,3.412,1.5715,38368.5,0.4882,2303.0
Greece,GRC,1953,7.702,3.447,1.6132,41720.1,0.4882,2293.5
Greece,GRC,1954,7.777,3.48,1.6559,43573.4,0.4882,2284.0
Greece,GRC,1955,7.848,3.51,1.6998,45901.9,0.4882,2274.5
Greece,GRC,1956,7.913,3.537,1.752,49937.2,0.4882,2265.1
Greece,GRC,1957,7.977,3.556,1.8033,53510.4,0.4882,2255.8
Greece,GRC,1958,8.053,3.583,1.8561,55971.8,0.4882,2246.4
Greece,GRC,1959,8.137,3.592,1.9104,58050.5,0.4882,2237.1
Greece,GRC,1960,8.205,3.608,1.9664,59399.9,0.4882,2227.9
Greece,GRC,1961,8.275,3.623,1.9781,67243.0,0.4882,2218.0
Greece,GRC,1962,8.324,3.587,1.99,67488.3,0.4882,2208.1
Greece,GRC,1963,8.355,3.536,2.0018,75482.2,0.4882,2198.3
Greece,GRC,1964,8.385,3.49,2.0138,82584.8,0.4882,2188.5
Greece,GRC,1965,8.425,3.466,2.0258,91477.6,0.4882,2178.8
Greece,GRC,1966,8.487,3.435,2.0379,97418.6,0.4882,2169.1
Greece,GRC,1967,8.588,3.394,2.0501,102941.7,0.4882,2159.5
Greece,GRC,1968,8.612,3.353,2.0624,110357.3,0.4882,2149.9
Greece,GRC,1969,8.644,3.343,2.0747,123118.7,0.4882,2140.3
Greece,GRC,1970,8.664,3.339,2.0871,134113.9,0.4882,2098.6
Greece,GRC,1971,8.717,3.356,2.106,144630.0,0.4882,2099.6
Greece,GRC,1972,8.775,3.373,2.1252,159324.7,0.4882,2101.1
Greece,GRC,1973,8.84,3.416,2.1445,172217.8,0.4882,2102.5
Greece,GRC,1974,8.919,3.438,2.164,161130.0,0.4882,2104.0
Greece,GRC,1975,9.014,3.445,2.1837,171388.8,0.4882,2105.3
Greece,GRC,1976,9.127,3.484,2.2036,183132.2,0.4882,2106.7
Greece,GRC,1977,9.255,3.507,2.2236,188518.2,0.4882,2108.0
Greece,GRC,1978,9.389,3.526,2.2438,202179.8,0.4882,2109.6
Greece,GRC,1979,9.516,3.568,2.2642,208815.5,0.4882,2111.0
Greece,GRC,1980,9.627,3.624,2.2848,210229.5,0.4882,2111.7
Greece,GRC,1981,9.72,3.815,2.3082,206963.1,0.4882,2111.8
Greece,GRC,1982,9.797,3.782,2.3319,204618.9,0.4882,2111.4
Greece,GRC,1983,9.861,3.804,2.3558,202411.9,0.4882,2108.9
Greece,GRC,1984,9.916,3.799,2.3799,206481.5,0.4882,2108.5
Greece,GRC,1985,9.968,3.901,2.4043,211663.3,0.4882,2107.5
Greece,GRC,1986,10.015,3.921,2.4289,212759.0,0.4882,2107.8
Greece,GRC,1987,10.057,3.925,2.4538,207953.0,0.4882,2110.1
Greece,GRC,1988,10.101,4.005,2.4789,216869.8,0.4882,2107.3
Greece,GRC,1989,10.156,4.022,2.5043,225110.8,0.4882,2109.3
Greece,GRC,1990,10.226,4.063,2.5299,225110.8,0.4882,2111.6
Greece,GRC,1991,10.315,3.978,2.5571,232089.3,0.4882,2112.9
Greece,GRC,1992,10.42,4.045,2.5765,233713.9,0.4882,2112.9
Greece,GRC,1993,10.534,4.099,2.5951,229974.5,0.4882,2112.1
Greece,GRC,1994,10.645,4.199,2.6139,234574.0,0.4882,2110.2
Greece,GRC,1995,10.746,4.257,2.6328,239499.4,0.4882,2110.7
Greece,GRC,1996,10.832,4.248,2.6518,246354.1,0.4813,2109.4
Greece,GRC,1997,10.906,4.239,2.6709,257401.2,0.4909,2107.9
Greece,GRC,1998,10.97,4.426,2.6902,267426.7,0.4927,2108.4
Greece,GRC,1999,11.028,4.434,2.7096,275643.6,0.5037,2104.9
Greece,GRC,2000,11.082,4.452,2.7292,286448.2,0.5023,2107.6
Greece,GRC,2001,11.134,4.466,2.7498,298283.2,0.5074,2101.1
Greece,GRC,2002,11.182,4.578,2.7705,309984.4,0.538,2093.2
Greece,GRC,2003,11.219,4.646,2.7913,327946.6,0.5416,2091.5
Greece,GRC,2004,11.235,4.753,2.8124,344544.2,0.5304,2082.6
Greece,GRC,2005,11.225,4.779,2.8335,346608.5,0.5414,2136.2
Greece,GRC,2006,11.185,4.834,2.8549,366200.3,0.5461,2125.3
Greece,GRC,2007,11.12,4.858,2.8764,378188.8,0.5432,2111.0
Greece,GRC,2008,11.04,4.872,2.898,376921.2,0.5397,2106.3
Greece,GRC,2009,10.959,4.796,2.9199,360710.8,0.5512,2081.2
Greece,GRC,2010,10.888,4.637,2.9419,340948.8,0.5502,2019.6
Greece,GRC,2011,10.829,4.301,2.9627,306344.8,0.5516,2037.7
Greece,GRC,2012,10.781,4.034,2.9838,284648.4,0.5286,2055.4
Greece,GRC,2013,10.74,3.942,3.005,276844.0,0.5078,2059.2
Greece,GRC,2014,10.701,3.99,3.0263,278776.8,0.5217,2020.9
Greece,GRC,2015,10.66,4.03,3.0478,277628.5,0.5183,2031.1
Greece,GRC,2016,10.615,4.049,3.0695,276268.5,0.538,2030.1
Greece,GRC,2017,10.569,4.102,3.0913,279807.0,0.5388,2045.2
Greece,GRC,2018,10.522,4.161,3.1132,284169.1,0.5509,2044.4
Greece,GRC,2019,10.473,4.235,3.1353,289445.2,0.5509,2036.5
Ireland,IRL,1950,2.921,1.255,2.1588,25905.2,0.5556,2419.4
Ireland,IRL,1951,2.918,1.242,2.168,26790.3,0.5556,2407.6
Ireland,IRL,1952,2.91,1.228,2.1773,26329.1,0.5556,2395.8
Ireland,IRL,1953,2.906,1.215,2.1866,27300.6,0.5556,2384.1
Ireland,IRL,1954,2.895,1.2,2.1959,27509.3,0.5556,2372.4
Ireland,IRL,1955,2.875,1.181,2.2053,28780.2,0.5556,2360.8
Ireland,IRL,1956,2.854,1.162,2.2172,27794.2,0.5556,2349.3
Ireland,IRL,1957,2.838,1.119,2.2291,27000.7,0.5556,2337.8
Ireland,IRL,1958,2.811,1.103,2.241,26917.0,0.5556,2326.3
Ireland,IRL,1959,2.803,1.095,2.2531,28451.0,0.5556,2314.9
Ireland,IRL,1960,2.792,1.089,2.2652,29555.5,0.5556,2303.6
Ireland,IRL,1961,2.778,1.084,2.2782,31027.7,0.5556,2306.6
Ireland,IRL,1962,2.79,1.095,2.2914,32220.4,0.5556,2309.6
Ireland,IRL,1963,2.81,1.101,2.3046,33825.4,0.5556,2312.6
Ireland,IRL,1964,2.824,1.106,2.3179,35304.8,0.5556,2315.6
Ireland,IRL,1965,2.835,1.104,2.3312,36149.4,0.5556,2318.6
Ireland,IRL,1966,2.843,1.1,2.3447,36231.2,0.5556,2321.6
Ireland,IRL,1967,2.859,1.095,2.3582,38095.1,0.5556,2324.7
Ireland,IRL,1968,2.871,1.098,2.3718,41560.6,0.5556,2327.7
Ireland,IRL,1969,2.884,1.101,2.3854,44511.8,0.5556,2330.7
Ireland,IRL,1970,2.908,1.087,2.3992,45308.0,0.5556,2333.7
Ireland,IRL,1971,2.944,1.103,2.4187,46880.1,0.5556,2316.7
Ireland,IRL,1972,2.987,1.088,2.4383,49922.6,0.5556,2296.6
Ireland,IRL,1973,3.034,1.103,2.4581,52279.6,0.5556,2284.0
Ireland,IRL,1974,3.085,1.119,2.478,54506.8,0.5556,2247.7
Ireland,IRL,1975,3.137,1.11,2.4981,57590.1,0.5556,2237.7
Ireland,IRL,1976,3.19,1.101,2.5184,58393.4,0.5556,2232.2
Ireland,IRL,1977,3.243,1.14,2.5389,63188.2,0.5556,2202.7
Ireland,IRL,1978,3.294,1.156,2.5595,67729.4,0.5556,2183.1
Ireland,IRL,1979,3.342,1.212,2.5736,69810.7,0.5556,2161.3
Ireland,IRL,1980,3.385,1.205,2.5876,71960.4,0.5556,2122.1
Ireland,IRL,1981,3.422,1.2,2.6015,74353.3,0.5556,2090.7
Ireland,IRL,1982,3.454,1.193,2.6153,76051.1,0.5556,2083.4
Ireland,IRL,1983,3.479,1.183,2.6293,75865.3,0.5556,2073.2
Ireland,IRL,1984,3.499,1.16,2.6433,79168.8,0.5556,2055.1
Ireland,IRL,1985,3.511,1.155,2.6574,81611.6,0.5556,2062.2
Ireland,IRL,1986,3.516,1.15,2.6716,81262.1,0.5556,2096.7
Ireland,IRL,1987,3.516,1.157,2.6858,85051.4,0.5556,2076.1
Ireland,IRL,1988,3.512,1.159,2.7002,89488.9,0.5556,2084.4
Ireland,IRL,1989,3.51,1.162,2.7146,94691.7,0.5556,2091.8
Ireland,IRL,1990,3.511,1.215,2.729,102708.8,0.5556,2080.2
Ireland,IRL,1991,3.518,1.207,2.7415,104690.7,0.5556,2045.2
Ireland,IRL,1992,3.53,1.207,2.754,108190.8,0.5556,1996.8
Ireland,IRL,1993,3.547,1.225,2.7666,111103.9,0.5556,1970.1
Ireland,IRL,1994,3.568,1.266,2.7793,117498.9,0.5556,1970.4
Ireland,IRL,1995,3.592,1.323,2.792,128819.2,0.5556,1962.0
Ireland,IRL,1996,3.62,1.372,2.8047,138314.4,0.5568,1953.6
Ireland,IRL,1997,3.651,1.424,2.8175,153548.8,0.5307,1954.2
Ireland,IRL,1998,3.688,1.517,2.8304,166949.6,0.5082,1953.2
Ireland,IRL,1999,3.731,1.616,2.8434,184490.0,0.4962,1941.9
Ireland,IRL,2000,3.783,1.689,2.8563,201857.4,0.4828,1932.7
Ireland,IRL,2001,3.842,1.741,2.8734,212576.5,0.477,1923.5
Ireland,IRL,2002,3.908,1.768,2.8906,225117.9,0.452,1904.3
Ireland,IRL,2003,3.98,1.805,2.9079,231873.5,0.4608,1886.8
Ireland,IRL,2004,4.058,1.868,2.9253,247601.1,0.4711,1875.3
Ireland,IRL,2005,4.141,1.957,2.9428,261804.9,0.4849,1883.2
Ireland,IRL,2006,4.231,2.035,2.9604,274873.7,0.4895,1878.8
Ireland,IRL,2007,4.325,2.11,2.9781,289493.4,0.4978,1864.9
Ireland,IRL,2008,4.416,2.098,2.9959,276644.4,0.5304,1843.9
Ireland,IRL,2009,4.495,1.948,3.0138,262605.5,0.5264,1811.8
Ireland,IRL,2010,4.554,1.883,3.0319,267262.2,0.4904,1721.0
Ireland,IRL,2011,4.591,1.849,3.0486,268868.7,0.4672,1736.5
Ireland,IRL,2012,4.608,1.838,3.0654,269212.3,0.4586,1737.9
Ireland,IRL,2013,4.615,1.886,3.0822,272515.1,0.4506,1743.5
Ireland,IRL,2014,4.627,1.927,3.0992,296061.6,0.4298,1757.0
Ireland,IRL,2015,4.652,1.989,3.1163,370599.3,0.3288,1770.6
Ireland,IRL,2016,4.696,2.059,3.1335,377988.2,0.3398,1762.9
Ireland,IRL,2017,4.753,2.123,3.1507,412496.4,0.3274,1774.7
Ireland,IRL,2018,4.819,2.194,3.1681,447626.2,0.3168,1785.4
Ireland,IRL,2019,4.882,2.26,3.1855,472537.5,0.3168,1772.0
Iceland,ISL,1950,0.143,0.065,1.9693,1255.1,0.6347,
Iceland,ISL,1951,0.146,0.066,1.9789,1237.3,0.6347,
Iceland,ISL,1952,0.148,0.066,1.9885,1212.9,0.6347,
Iceland,ISL,1953,0.151,0.067,1.9982,1393.1,0.6347,
Iceland,ISL,1954,0.155,0.068,2.0079,1525.9,0.6347,
Iceland,ISL,1955,0.158,0.069,2.0177,1691.5,0.6347,
Iceland,ISL,1956,0.162,0.069,2.0248,1741.7,0.6347,
Iceland,ISL,1957,0.165,0.069,2.0319,1744.5,0.6347,
Iceland,ISL,1958,0.169,0.07,2.039,1904.0,0.6347,
Iceland,ISL,1959,0.173,0.07,2.0461,1958.2,0.6347,
Iceland,ISL,1960,0.176,0.071,2.0533,2009.5,0.6347,
Iceland,ISL,1961,0.179,0.072,2.0668,2007.8,0.6347,
Iceland,ISL,1962,0.182,0.073,2.0803,2174.7,0.6347,
Iceland,ISL,1963,0.186,0.074,2.094,2398.4,0.6347,
Iceland,ISL,1964,0.189,0.08,2.1077,2636.2,0.6347,2115.8
Iceland,ISL,1965,0.193,0.084,2.1216,2828.4,0.6347,2092.8
Iceland,ISL,1966,0.196,0.086,2.1375,3075.5,0.6347,2080.6
Iceland,ISL,1967,0.199,0.085,2.1536,3036.5,0.6347,2045.2
Iceland,ISL,1968,0.202,0.086,2.1698,2870.3,0.6347,1998.6
Iceland,ISL,1969,0.203,0.087,2.1861,2938.4,0.6347,1970.4
Iceland,ISL,1970,0.204,0.09,2.2026,3157.6,0.6347,1953.2
Iceland,ISL,1971,0.207,0.095,2.2224,3570.0,0.6347,1915.2
Iceland,ISL,1972,0.21,0.097,2.2423,3790.5,0.6347,1882.5
Iceland,ISL,1973,0.213,0.1,2.2625,4048.5,0.6347,1865.3
Iceland,ISL,1974,0.216,0.103,2.2828,4279.5,0.6347,1840.9
Iceland,ISL,1975,0.218,0.105,2.3034,4307.2,0.6347,1816.5
Iceland,ISL,1976,0.22,0.109,2.3276,4563.8,0.6347,1789.3
Iceland,ISL,1977,0.222,0.109,2.3521,4966.5,0.6347,1747.8
Iceland,ISL,1978,0.224,0.112,2.3768,5265.3,0.6347,1709.7
Iceland,ISL,1979,0.226,0.113,2.4018,5521.2,0.6347,1697.0
Iceland,ISL,1980,0.228,0.117,2.427,5838.6,0.6347,1687.0
Iceland,ISL,1981,0.231,0.122,2.451,6087.6,0.6347,1680.7
Iceland,ISL,1982,0.233,0.126,2.4751,6218.7,0.6347,1683.4
Iceland,ISL,1983,0.236,0.126,2.4995,6085.0,0.6347,1683.4
Iceland,ISL,1984,0.239,0.128,2.5241,6336.2,0.6347,1681.6
Iceland,ISL,1985,0.242,0.133,2.549,6544.9,0.6347,1680.7
Iceland,ISL,1986,0.244,0.138,2.57,6955.3,0.6347,1673.5
Iceland,ISL,1987,0.247,0.147,2.5876,7549.7,0.6347,1671.6
Iceland,ISL,1988,0.25,0.141,2.6052,7542.9,0.6347,1678.9
Iceland,ISL,1989,0.252,0.139,2.623,7562.4,0.6347,1674.4
Iceland,ISL,1990,0.255,0.138,2.641,7650.8,0.6347,1664.4
Iceland,ISL,1991,0.258,0.138,2.658,7633.7,0.6347,1668.0
Iceland,ISL,1992,0.26,0.137,2.6751,7376.2,0.6347,1668.0
Iceland,ISL,1993,0.263,0.137,2.6923,7473.0,0.6347,1682.9
Iceland,ISL,1994,0.265,0.138,2.7097,7742.7,0.6347,1654.7
Iceland,ISL,1995,0.268,0.143,2.7271,7751.8,0.6347,1641.4
Iceland,ISL,1996,0.27,0.144,2.7463,8106.3,0.664,1658.8
Iceland,ISL,1997,0.273,0.144,2.7657,8573.2,0.5984,1683.7
Iceland,ISL,1998,0.275,0.15,2.7852,9181.5,0.614,1664.6
Iceland,ISL,1999,0.278,0.155,2.8048,9552.7,0.6456,1644.7
Iceland,ISL,2000,0.28,0.157,2.8246,10020.0,0.6485,1695.4
Iceland,ISL,2001,0.283,0.159,2.8475,10410.7,0.6155,1706.2
Iceland,ISL,2002,0.285,0.157,2.8705,10481.6,0.6116,1672.1
Iceland,ISL,2003,0.288,0.157,2.8937,10719.3,0.6363,1638.9
Iceland,ISL,2004,0.291,0.157,2.9172,11581.4,0.6332,1645.5
Iceland,ISL,2005,0.295,0.161,2.9408,12314.5,0.6626,1637.2
Iceland,ISL,2006,0.3,0.169,2.9628,12960.9,0.6794,1627.2
Iceland,ISL,2007,0.305,0.175,2.985,14174.7,0.6702,1605.6
Iceland,ISL,2008,0.311,0.176,3.0074,14457.1,0.5893,1607.3
Iceland,ISL,2009,0.316,0.164,3.03,13477.3,0.5111,1512.3
Iceland,ISL,2010,0.32,0.164,3.0527,13014.2,0.5255,1503.1
Iceland,ISL,2011,0.323,0.167,3.0764,13259.1,0.5496,1511.8
Iceland,ISL,2012,0.326,0.171,3.1005,13431.0,0.5612,1497.9
Iceland,ISL,2013,0.327,0.174,3.125,13986.2,0.57,1499.8
Iceland,ISL,2014,0.329,0.177,3.15,14277.5,0.5737,1488.5
Iceland,ISL,2015,0.33,0.181,3.1754,14955.5,0.5753,1486.4
Iceland,ISL,2016,0.332,0.188,3.2014,15946.6,0.5942,1474.0
Iceland,ISL,2017,0.334,0.192,3.2278,16671.6,0.6276,1464.5
Iceland,ISL,2018,0.337,0.194,3.2548,17307.5,0.6418,1449.4
Iceland,ISL,2019,0.339,0.192,3.2822,17639.6,0.6418,1454.5
Italy,ITA,1950,46.98,19.913,1.7935,340482.5,0.5944,2099.5
Italy,ITA,1951,47.292,19.94,1.8053,370252.1,0.5944,2106.0
Italy,ITA,1952,47.54,20.106,1.8172,386189.0,0.5944,2112.4
Italy,ITA,1953,47.83,20.32,1.8292,409995.3,0.5944,2118.9
Italy,ITA,1954,48.171,20.597,1.8412,426783.8,0.5944,2125.4
Italy,ITA,1955,48.504,20.589,1.8533,449612.8,0.5944,2131.9
Italy,ITA,1956,48.791,20.658,1.865,468125.5,0.5944,2138.4
Italy,ITA,1957,49.052,20.749,1.8768,485915.0,0.5944,2144.9
Italy,ITA,1958,49.345,20.822,1.8886,508710.0,0.5944,2151.5
Italy,ITA,1959,49.7,20.851,1.9005,541882.7,0.5944,2158.1
Italy,ITA,1960,50.065,20.936,1.9124,586457.7,0.5944,2164.7
Italy,ITA,1961,50.389,21.069,1.9271,635193.8,0.5944,2148.0
Italy,ITA,1962,50.709,21.007,1.9419,674182.6,0.5944,2098.9
Italy,ITA,1963,51.063,20.659,1.9567,711546.9,0.5944,2084.2
Italy,ITA,1964,51.464,20.587,1.9717,731041.4,0.5944,2078.1
Italy,ITA,1965,51.849,20.085,1.9868,755409.5,0.5944,2020.5
Italy,ITA,1966,52.193,19.757,2.002,800896.5,0.5944,2039.1
Italy,ITA,1967,52.528,20.003,2.0174,857755.3,0.5944,2063.6
Italy,ITA,1968,52.846,19.993,2.0328,914614.1,0.5944,2057.1
Italy,ITA,1969,53.176,19.849,2.0484,969848.3,0.5944,2056.0
Italy,ITA,1970,53.519,19.942,2.0641,1091688.6,0.5944,2034.7
Italy,ITA,1971,53.889,19.958,2.0858,1111536.6,0.5944,1982.5
Italy,ITA,1972,54.259,19.91,2.1077,1152557.8,0.5944,1963.7
Italy,ITA,1973,54.619,20.166,2.1298,1234687.5,0.5944,1947.5
Italy,ITA,1974,54.958,20.446,2.1522,1302597.0,0.5944,1917.0
Italy,ITA,1975,55.265,20.448,2.1748,1275370.6,0.5944,1901.6
Italy,ITA,1976,55.538,20.658,2.1976,1366245.8,0.5944,1899.5
Italy,ITA,1977,55.778,20.729,2.2207,1401228.4,0.5944,1864.7
Italy,ITA,1978,55.989,20.809,2.244,1446630.1,0.5944,1854.7
Italy,ITA,1979,56.178,21.064,2.2676,1532837.1,0.5944,1848.2
Italy,ITA,1980,56.349,21.402,2.2914,1585413.8,0.5944,1849.3
Italy,ITA,1981,56.505,21.425,2.3164,1598798.2,0.599,1852.6
Italy,ITA,1982,56.645,21.509,2.3416,1605410.6,0.5986,1862.9
Italy,ITA,1983,56.765,21.588,2.3672,1624181.1,0.5983,1867.7
Italy,ITA,1984,56.863,21.598,2.393,1676574.8,0.5784,1856.7
Italy,ITA,1985,56.937,21.818,2.4191,1723486.8,0.5766,1850.5
Italy,ITA,1986,56.984,21.985,2.4454,1772778.1,0.5653,1863.0
Italy,ITA,1987,57.008,22.046,2.4721,1829364.4,0.5635,1877.6
Italy,ITA,1988,57.018,22.285,2.4991,1906094.8,0.5606,1885.3
Italy,ITA,1989,57.029,22.44,2.5263,1970680.6,0.56,1873.1
Italy,ITA,1990,57.048,22.803,2.5538,2011130.5,0.57,1856.4
Italy,ITA,1991,57.088,23.23,2.5766,2041975.9,0.5762,1847.5
Italy,ITA,1992,57.145,23.069,2.5976,2057759.4,0.5736,1850.5
Italy,ITA,1993,57.198,22.456,2.6188,2039481.9,0.5617,1850.6
Italy,ITA,1994,57.214,22.088,2.6401,2083369.2,0.5433,1850.3
Italy,ITA,1995,57.174,22.028,2.6616,2142265.5,0.5254,1856.2
Italy,ITA,1996,57.065,22.115,2.6832,2169403.2,0.5274,1866.2
Italy,ITA,1997,56.904,22.112,2.7051,2209108.0,0.5332,1859.9
Italy,ITA,1998,56.743,22.268,2.7271,2249106.5,0.508,1873.1
Italy,ITA,1999,56.656,22.472,2.7493,2285670.8,0.5114,1869.9
Italy,ITA,2000,56.692,22.918,2.7716,2372228.0,0.5022,1850.2
Italy,ITA,2001,56.875,23.43,2.7934,2418519.0,0.4989,1837.6
Italy,ITA,2002,57.183,23.917,2.8153,2424660.8,0.5022,1826.2
Italy,ITA,2003,57.565,24.322,2.8373,2428022.0,0.5049,1815.1
Italy,ITA,2004,57.948,24.474,2.8596,2462587.2,0.5033,1814.6
Italy,ITA,2005,58.281,24.632,2.882,2482727.5,0.5072,1811.1
Italy,ITA,2006,58.543,25.155,2.9046,2527184.2,0.5104,1811.9
Italy,ITA,2007,58.748,25.427,2.9273,2564765.2,0.5076,1817.7
Italy,ITA,2008,58.922,25.39,2.9503,2540091.8,0.514,1806.5
Italy,ITA,2009,59.106,24.936,2.9734,2405951.2,0.529,1775.2
Italy,ITA,2010,59.325,24.792,2.9967,2447172.2,0.5247,1776.8
Italy,ITA,2011,59.589,24.927,3.0142,2464481.8,0.5205,1772.6
Italy,ITA,2012,59.879,24.914,3.0319,2391018.0,0.5246,1733.6
Italy,ITA,2013,60.167,24.302,3.0496,2346997.8,0.5211,1719.1
Italy,ITA,2014,60.41,24.195,3.0675,2346891.0,0.5182,1716.3
Italy,ITA,2015,60.578,24.445,3.0855,2365157.0,0.5176,1717.5
Italy,ITA,2016,60.663,24.853,3.1035,2395749.5,0.5163,1721.7
Italy,ITA,2017,60.674,25.185,3.1217,2435707.2,0.5164,1719.2
Italy,ITA,2018,60.627,25.418,3.14,2458702.5,0.5224,1722.3
Italy,ITA,2019,60.55,25.596,3.1584,2467128.8,0.5224,1717.8
Japan,JPN,1950,84.274,39.408,2.29,272631.8,0.6205,2030.4
Japan,JPN,1951,85.641,40.385,2.3225,297023.1,0.6205,2013.0
Japan,JPN,1952,86.943,41.342,2.3555,333744.8,0.6205,1995.7
Japan,JPN,1953,88.146,42.262,2.3889,356118.8,0.6205,1978.6
Japan,JPN,1954,89.251,42.802,2.4229,373836.2,0.6205,2008.9
Japan,JPN,1955,90.318,44.174,2.4573,400104.4,0.6205,2034.5
Japan,JPN,1956,91.274,45.048,2.4841,430087.3,0.6205,2085.0
Japan,JPN,1957,92.076,46.237,2.5113,463702.9,0.6205,2108.0
Japan,JPN,1958,92.906,46.42,2.5387,492507.8,0.6205,2133.1
Japan,JPN,1959,93.819,46.82,2.5643,538878.3,0.6205,2156.2
Japan,JPN,1960,94.619,47.911,2.5831,609255.9,0.6205,2172.9
Japan,JPN,1961,95.475,48.58,2.604,681471.9,0.6205,2175.3
Japan,JPN,1962,96.368,49.207,2.625,740055.8,0.6205,2152.7
Japan,JPN,1963,97.354,49.628,2.6462,805087.2,0.6205,2146.3
Japan,JPN,1964,98.374,50.276,2.6676,895141.6,0.6205,2153.5
Japan,JPN,1965,99.436,51.086,2.6892,945923.2,0.6205,2135.1
Japan,JPN,1966,100.349,52.134,2.7109,1042865.4,0.6205,2142.9
Japan,JPN,1967,101.39,53.138,2.7328,1158455.9,0.6205,2156.6
Japan,JPN,1968,102.532,54.024,2.7549,1296415.5,0.6205,2160.3
Japan,JPN,1969,103.75,54.434,2.7771,1451378.0,0.6205,2147.0
Japan,JPN,1970,104.929,55.017,2.7995,1600613.8,0.6205,2137.2
Japan,JPN,1971,106.427,55.478,2.8195,1675826.5,0.6205,2129.3
Japan,JPN,1972,107.976,55.79,2.8395,1816823.0,0.6205,2131.7
Japan,JPN,1973,109.529,57.063,2.8597,1962761.0,0.6205,2117.5
Japan,JPN,1974,111.023,56.837,2.8801,1938712.4,0.6205,2058.7
Japan,JPN,1975,112.413,56.681,2.9006,1998649.2,0.6205,2030.3
Japan,JPN,1976,113.679,57.173,2.9212,2078095.2,0.6205,2057.5
Japan,JPN,1977,114.828,57.88,2.942,2169330.8,0.6205,2064.0
Japan,JPN,1978,115.879,58.446,2.9629,2283696.5,0.6205,2068.0
Japan,JPN,1979,116.867,59.048,2.984,2408935.5,0.6205,2072.7
Japan,JPN,1980,117.817,59.469,3.0052,2476809.5,0.6205,2073.9
Japan,JPN,1981,118.733,59.956,3.0221,2581066.8,0.6184,2068.8
Japan,JPN,1982,119.605,60.476,3.039,2666563.2,0.6224,2068.6
Japan,JPN,1983,120.428,61.391,3.056,2760507.5,0.626,2074.9
Japan,JPN,1984,121.189,61.595,3.0732,2884785.5,0.6148,2089.3
Japan,JPN,1985,121.883,61.912,3.0904,3035757.2,0.606,2076.8
Japan,JPN,1986,122.509,62.168,3.1077,3136742.8,0.5968,2078.5
Japan,JPN,1987,123.073,62.394,3.1251,3285131.2,0.5888,2084.0
Japan,JPN,1988,123.585,63.111,3.1426,3508028.2,0.5799,2080.4
Japan,JPN,1989,124.059,64.028,3.1602,3678449.5,0.5771,2061.4
Japan,JPN,1990,124.505,65.104,3.178,3858425.8,0.5735,2028.4
Japan,JPN,1991,124.93,66.391,3.1944,3990287.0,0.583,2010.7
Japan,JPN,1992,125.331,67.118,3.2109,4024127.2,0.5911,1962.1
Japan,JPN,1993,125.707,67.356,3.2275,4003285.8,0.5958,1926.8
Japan,JPN,1994,126.053,67.43,3.2442,4043041.0,0.604,1909.1
Japan,JPN,1995,126.365,67.658,3.2609,4153907.2,0.5988,1911.6
Japan,JPN,1996,126.644,67.726,3.2778,4282678.0,0.5891,1914.8
Japan,JPN,1997,126.893,68.184,3.2947,4328761.5,0.5955,1887.1
Japan,JPN,1998,127.117,67.342,3.3117,4279915.0,0.5966,1866.5
Japan,JPN,1999,127.326,66.423,3.3288,4269132.0,0.5918,1850.9
Japan,JPN,2000,127.524,65.916,3.346,4387798.0,0.582,1858.5
Japan,JPN,2001,127.714,65.616,3.3609,4405627.0,0.5822,1843.1
Japan,JPN,2002,127.893,64.805,3.3758,4410826.0,0.5697,1830.6
Japan,JPN,2003,128.058,64.804,3.3907,4478233.0,0.5628,1834.2
Japan,JPN,2004,128.204,65.197,3.4058,4576964.0,0.5542,1841.9
Japan,JPN,2005,128.326,65.773,3.4208,4653063.5,0.554,1828.2
Japan,JPN,2006,128.423,66.285,3.436,4719137.5,0.5539,1836.4
Japan,JPN,2007,128.494,66.842,3.4512,4797201.0,0.5504,1826.9
Japan,JPN,2008,128.539,66.798,3.4665,4744741.5,0.5647,1807.7
Japan,JPN,2009,128.555,66.095,3.4819,4487746.5,0.5741,1757.7
Japan,JPN,2010,128.542,66.015,3.4973,4675861.0,0.5611,1779.3
Japan,JPN,2011,128.499,66.01,3.5079,4670464.0,0.5735,1775.3
Japan,JPN,2012,128.424,65.835,3.5186,4740292.0,0.5699,1786.8
Japan,JPN,2013,128.314,66.268,3.5293,4835110.5,0.563,1766.5
Japan,JPN,2014,128.169,66.693,3.54,4853228.5,0.5649,1762.1
Japan,JPN,2015,127.985,66.983,3.5507,4912579.5,0.5557,1756.9
Japan,JPN,2016,127.763,67.621,3.5615,4938220.5,0.5655,1747.1
Japan,JPN,2017,127.503,68.253,3.5723,5045295.5,0.5636,1743.7
Japan,JPN,2018,127.202,69.365,3.5831,5061602.0,0.5636,1729.0
Japan,JPN,2019,126.86,69.977,3.594,5095623.5,0.5636,1691.1
Netherlands,NLD,1950,10.09,4.249,2.4243,113476.6,0.7289,1997.1
Netherlands,NLD,1951,10.24,4.265,2.4328,116268.0,0.7289,1982.4
Netherlands,NLD,1952,10.358,4.246,2.4414,118278.9,0.7289,1967.9
Netherlands,NLD,1953,10.469,4.324,2.4499,129124.6,0.7289,1953.4
Netherlands,NLD,1954,10.591,4.441,2.4585,138696.7,0.7289,1939.1
Netherlands,NLD,1955,10.726,4.522,2.4672,149298.5,0.7289,1924.8
Netherlands,NLD,1956,10.864,4.592,2.4701,156333.9,0.7289,1910.7
Netherlands,NLD,1957,11.001,4.617,2.473,161168.7,0.7289,1896.6
Netherlands,NLD,1958,11.161,4.574,2.4759,159569.7,0.7289,1882.7
Netherlands,NLD,1959,11.321,4.621,2.4788,167439.8,0.7289,1868.9
Netherlands,NLD,1960,11.459,4.709,2.4817,183998.4,0.7289,1855.1
Netherlands,NLD,1961,11.612,4.778,2.503,189494.5,0.7289,1853.4
Netherlands,NLD,1962,11.778,4.874,2.5244,198009.5,0.7289,1851.8
Netherlands,NLD,1963,11.938,4.94,2.5461,204768.5,0.7289,1850.1
Netherlands,NLD,1964,12.099,5.027,2.5653,224037.2,0.7289,1848.4
Netherlands,NLD,1965,12.263,5.07,2.5801,236574.0,0.7289,1846.8
Netherlands,NLD,1966,12.426,5.109,2.595,243387.2,0.7289,1845.1
Netherlands,NLD,1967,12.567,5.093,2.6099,257008.1,0.7289,1843.4
Netherlands,NLD,1968,12.695,5.141,2.6249,275463.7,0.7289,1841.8
Netherlands,NLD,1969,12.843,5.494,2.6401,295567.1,0.7289,
Netherlands,NLD,1970,13.002,5.578,2.6553,314692.1,0.7289,1838.5
Netherlands,NLD,1971,13.148,5.629,2.6739,328320.7,0.7289,1804.9
Netherlands,NLD,1972,13.292,5.601,2.6926,336550.1,0.7289,1803.2
Netherlands,NLD,1973,13.431,5.652,2.7115,356017.1,0.7289,1776.7
Netherlands,NLD,1974,13.562,5.702,2.7305,371168.9,0.7289,1723.2
Netherlands,NLD,1975,13.683,5.702,2.7497,371625.5,0.7289,1670.0
Netherlands,NLD,1976,13.793,5.743,2.7689,389417.7,0.7289,1654.1
Netherlands,NLD,1977,13.893,5.756,2.7884,396899.5,0.7289,1633.8
Netherlands,NLD,1978,13.984,5.835,2.8079,406150.2,0.7289,1605.2
Netherlands,NLD,1979,14.069,5.955,2.8276,414362.2,0.7289,1583.8
Netherlands,NLD,1980,14.148,6.051,2.8474,427833.2,0.7289,1580.8
Netherlands,NLD,1981,14.224,6.013,2.8622,424480.6,0.7124,1580.3
Netherlands,NLD,1982,14.295,5.926,2.8771,419213.8,0.7051,1565.8
Netherlands,NLD,1983,14.365,5.881,2.892,427891.4,0.6912,1550.8
Netherlands,NLD,1984,14.438,5.935,2.907,440992.0,0.6735,1542.7
Netherlands,NLD,1985,14.514,6.048,2.9221,452370.4,0.6724,1526.2
Netherlands,NLD,1986,14.596,6.191,2.9373,464977.9,0.6803,1511.3
Netherlands,NLD,1987,14.683,6.321,2.9526,473957.8,0.6956,1490.0
Netherlands,NLD,1988,14.774,6.433,2.9679,490267.7,0.6864,1486.8
Netherlands,NLD,1989,14.869,6.609,2.9833,511938.8,0.6693,1482.0
Netherlands,NLD,1990,14.965,6.808,2.9988,533353.8,0.6522,1476.2
Netherlands,NLD,1991,15.065,6.93,3.0129,546362.5,0.6556,1467.1
Netherlands,NLD,1992,15.166,7.021,3.027,555683.9,0.6685,1473.5
Netherlands,NLD,1993,15.268,7.049,3.0412,562672.2,0.6681,1463.2
Netherlands,NLD,1994,15.369,7.102,3.0555,579333.4,0.6537,1470.8
Netherlands,NLD,1995,15.468,7.272,3.0699,597385.3,0.6166,1481.6
Netherlands,NLD,1996,15.563,7.436,3.0843,618286.3,0.6156,1496.5
Netherlands,NLD,1997,15.655,7.67,3.0987,645052.2,0.6092,1482.0
Netherlands,NLD,1998,15.746,7.849,3.1133,675136.9,0.6101,1478.7
Netherlands,NLD,1999,15.836,8.067,3.1279,709123.7,0.6211,1477.2
Netherlands,NLD,2000,15.926,8.203,3.1426,738876.0,0.6216,1464.1
Netherlands,NLD,2001,16.018,8.352,3.1552,756069.3,0.6192,1454.1
Netherlands,NLD,2002,16.11,8.407,3.1678,757712.1,0.6222,1436.4
Netherlands,NLD,2003,16.201,8.367,3.1805,758891.4,0.6238,1427.8
Netherlands,NLD,2004,16.287,8.288,3.1933,773954.9,0.6125,1447.9
Netherlands,NLD,2005,16.367,8.364,3.2061,789827.8,0.598,1433.6
Netherlands,NLD,2006,16.44,8.57,3.219,817163.7,0.5839,1430.4
Netherlands,NLD,2007,16.507,8.839,3.2319,847993.9,0.5813,1429.2
Netherlands,NLD,2008,16.568,8.981,3.2448,866398.2,0.5868,1428.6
Netherlands,NLD,2009,16.626,8.89,3.2579,834628.4,0.6152,1420.0
Netherlands,NLD,2010,16.683,8.815,3.2709,845835.2,0.6012,1419.6
Netherlands,NLD,2011,16.738,8.879,3.2847,858955.8,0.6043,1420.2
Netherlands,NLD,2012,16.792,8.856,3.2985,850105.4,0.6076,1410.5
Netherlands,NLD,2013,16.844,8.753,3.3124,848998.8,0.6037,1414.7
Netherlands,NLD,2014,16.893,8.739,3.3263,861083.5,0.6026,1425.6
Netherlands,NLD,2015,16.938,8.807,3.3403,877953.6,0.5918,1425.8
Netherlands,NLD,2016,16.981,8.917,3.3544,897195.8,0.5977,1437.3
Netherlands,NLD,2017,17.021,9.098,3.3685,923312.2,0.5953,1436.8
Netherlands,NLD,2018,17.06,9.302,3.3826,945111.0,0.5959,1436.4
Netherlands,NLD,2019,17.097,9.457,3.3969,960964.4,0.5959,1439.7
Norway,NOR,1950,3.264,1.52,2.601,44286.5,0.5982,2129.2
Norway,NOR,1951,3.295,1.522,2.5989,45268.4,0.5982,2118.4
Norway,NOR,1952,3.327,1.524,2.5967,47588.1,0.5982,2107.7
Norway,NOR,1953,3.36,1.527,2.5945,50897.5,0.5982,2097.0
Norway,NOR,1954,3.393,1.529,2.5923,52853.6,0.5982,2086.4
Norway,NOR,1955,3.426,1.531,2.5902,54136.9,0.5982,2075.8
Norway,NOR,1956,3.459,1.532,2.5898,55717.7,0.5982,2065.3
Norway,NOR,1957,3.491,1.533,2.5895,58003.2,0.5982,2054.9
Norway,NOR,1958,3.522,1.517,2.5891,58864.6,0.5982,2044.4
Norway,NOR,1959,3.552,1.516,2.5888,60632.3,0.5982,2034.1
Norway,NOR,1960,3.58,1.529,2.5884,63258.7,0.5982,2023.8
Norway,NOR,1961,3.609,1.549,2.6064,67227.2,0.5982,2009.4
Norway,NOR,1962,3.638,1.558,2.6246,69118.9,0.5982,1995.1
Norway,NOR,1963,3.665,1.564,2.6428,71735.1,0.5982,1986.1
Norway,NOR,1964,3.693,1.569,2.6612,75328.8,0.5982,1996.1
Norway,NOR,1965,3.722,1.583,2.6797,79310.3,0.5982,1951.1
Norway,NOR,1966,3.752,1.589,2.6984,82313.2,0.5982,1952.1
Norway,NOR,1967,3.785,1.598,2.7171,87463.2,0.5982,1936.1
Norway,NOR,1968,3.818,1.6,2.736,89438.5,0.5982,1897.1
Norway,NOR,1969,3.85,1.614,2.755,93467.8,0.5982,1849.1
Norway,NOR,1970,3.876,1.64,2.7742,95335.7,0.5982,1835.1
Norway,NOR,1971,3.905,1.655,2.7966,100743.5,0.5982,1814.1
Norway,NOR,1972,3.934,1.674,2.8192,106113.8,0.5982,1781.1
Norway,NOR,1973,3.961,1.685,2.842,110923.8,0.5982,1767.1
Norway,NOR,1974,3.986,1.708,2.865,115275.4,0.5982,1745.1
Norway,NOR,1975,4.008,1.736,2.8881,120984.0,0.5982,1728.1
Norway,NOR,1976,4.027,1.795,2.9114,128031.8,0.5982,1674.5
Norway,NOR,1977,4.044,1.845,2.935,133358.8,0.5982,1638.3
Norway,NOR,1978,4.059,1.876,2.9587,138519.0,0.5982,1601.8
Norway,NOR,1979,4.073,1.902,2.9826,144575.7,0.5663,1579.9
Norway,NOR,1980,4.086,1.948,3.0067,151175.1,0.5366,1580.1
Norway,NOR,1981,4.099,1.973,3.0269,153591.3,0.5345,1570.2
Norway,NOR,1982,4.112,1.972,3.0472,153952.8,0.5358,1558.8
Norway,NOR,1983,4.125,1.968,3.0677,160069.0,0.5275,1552.8
Norway,NOR,1984,4.138,1.983,3.0883,169757.0,0.5124,1548.4
Norway,NOR,1985,4.153,2.039,3.109,179184.3,0.5195,1542.4
Norway,NOR,1986,4.169,2.107,3.1299,186427.4,0.5744,1538.5
Norway,NOR,1987,4.187,2.149,3.1509,189696.2,0.589,1510.9
Norway,NOR,1988,4.206,2.136,3.1721,189211.8,0.5891,1513.3
Norway,NOR,1989,4.226,2.076,3.1934,191176.4,0.5529,1510.6
Norway,NOR,1990,4.247,2.061,3.2149,194870.7,0.5391,1502.4
Norway,NOR,1991,4.269,2.041,3.2273,200881.9,0.5434,1500.5
Norway,NOR,1992,4.293,2.037,3.2398,208062.2,0.5506,1510.3
Norway,NOR,1993,4.317,2.051,3.2524,213982.3,0.5394,1506.6
Norway,NOR,1994,4.342,2.079,3.265,224800.0,0.542,1504.6
Norway,NOR,1995,4.367,2.124,3.2776,234141.5,0.5394,1487.7
Norway,NOR,1996,4.393,2.169,3.2903,245914.0,0.5266,1482.2
Norway,NOR,1997,4.42,2.233,3.303,258909.6,0.5271,1477.5
Norway,NOR,1998,4.447,2.293,3.3158,265704.5,0.571,1475.7
Norway,NOR,1999,4.474,2.312,3.3287,271052.8,0.5577,1474.8
Norway,NOR,2000,4.499,2.324,3.3416,279739.9,0.4859,1456.5
Norway,NOR,2001,4.523,2.34,3.3642,285543.9,0.497,1424.0
Norway,NOR,2002,4.546,2.327,3.387,289673.6,0.5228,1406.8
Norway,NOR,2003,4.57,2.29,3.4099,292310.0,0.5141,1389.4
Norway,NOR,2004,4.598,2.297,3.433,303913.0,0.4886,1405.0
Norway,NOR,2005,4.632,2.322,3.4563,311892.1,0.463,1406.4
Norway,NOR,2006,4.673,2.398,3.4797,319376.8,0.4541,1399.7
Norway,NOR,2007,4.719,2.49,3.5033,328939.8,0.4773,1405.2
Norway,NOR,2008,4.771,2.565,3.527,330506.8,0.4655,1406.8
Norway,NOR,2009,4.827,2.554,3.5509,324798.9,0.5195,1387.1
Norway,NOR,2010,4.886,2.545,3.575,327078.4,0.5033,1395.4
Norway,NOR,2011,4.948,2.581,3.5846,330288.6,0.4947,1400.2
Norway,NOR,2012,5.014,2.634,3.5943,339216.6,0.4972,1396.3
Norway,NOR,2013,5.079,2.666,3.604,342724.3,0.5082,1386.7
Norway,NOR,2014,5.142,2.696,3.6138,349474.4,0.5188,1389.4
Norway,NOR,2015,5.2,2.713,3.6235,356349.0,0.5427,1391.9
Norway,NOR,2016,5.251,2.723,3.6333,360167.5,0.5577,1394.5
Norway,NOR,2017,5.296,2.757,3.6431,368535.1,0.5403,1380.8
Norway,NOR,2018,5.338,2.805,3.653,373287.5,0.5285,1382.5
Norway,NOR,2019,5.379,2.854,3.6628,377598.0,0.5285,1384.1
Portugal,PRT,1950,8.076,3.048,1.2419,32674.1,0.643,2404.9
Portugal,PRT,1951,8.121,3.047,1.2479,35684.1,0.643,2389.6
Portugal,PRT,1952,8.156,3.041,1.2539,37137.1,0.643,2374.4
Portugal,PRT,1953,8.206,3.041,1.26,39091.1,0.643,2359.3
Portugal,PRT,1954,8.257,3.041,1.2661,40835.2,0.643,2344.4
Portugal,PRT,1955,8.315,3.044,1.2723,42494.7,0.643,2329.5
Portugal,PRT,1956,8.376,3.047,1.2775,44464.3,0.643,2314.7
Portugal,PRT,1957,8.435,2.985,1.2828,46631.5,0.643,2300.0
Portugal,PRT,1958,8.502,3.09,1.2881,46995.4,0.643,2285.3
Portugal,PRT,1959,8.572,3.111,1.2934,49655.7,0.643,2270.8
Portugal,PRT,1960,8.644,3.152,1.2988,53301.0,0.643,2256.4
Portugal,PRT,1961,8.639,3.155,1.3079,57015.5,0.643,2244.0
Portugal,PRT,1962,8.628,3.146,1.317,60233.0,0.643,2231.6
Portugal,PRT,1963,8.687,3.137,1.3263,63705.9,0.643,2219.3
Portugal,PRT,1964,8.726,3.128,1.3356,67001.1,0.643,2207.1
Portugal,PRT,1965,8.732,3.119,1.3449,71736.0,0.643,2194.9
Portugal,PRT,1966,8.713,3.103,1.3551,74045.9,0.643,2182.8
Portugal,PRT,1967,8.708,3.084,1.3653,79296.7,0.643,2170.8
Portugal,PRT,1968,8.719,3.065,1.3756,89525.9,0.643,2158.9
Portugal,PRT,1969,8.702,3.046,1.386,92093.8,0.643,2147.0
Portugal,PRT,1970,8.651,3.143,1.3964,98838.6,0.643,2102.1
Portugal,PRT,1971,8.7,3.236,1.4148,105393.2,0.643,2101.8
Portugal,PRT,1972,8.789,3.26,1.4334,113841.3,0.643,2101.4
Portugal,PRT,1973,8.908,3.277,1.4522,126592.2,0.643,2100.1
Portugal,PRT,1974,9.04,3.512,1.4713,128039.0,0.643,2109.9
Portugal,PRT,1975,9.172,3.606,1.4906,122472.3,0.643,2110.0
Portugal,PRT,1976,9.302,3.627,1.5204,130923.2,0.643,2105.7
Portugal,PRT,1977,9.431,3.682,1.5507,138258.3,0.643,2106.6
Portugal,PRT,1978,9.553,3.707,1.5817,142151.6,0.643,2092.0
Portugal,PRT,1979,9.661,3.785,1.6132,150167.5,0.643,2077.0
Portugal,PRT,1980,9.751,3.883,1.6454,157059.2,0.643,2058.2
Portugal,PRT,1981,9.821,3.901,1.6807,159600.5,0.643,2040.8
Portugal,PRT,1982,9.871,3.915,1.7149,163008.6,0.643,2020.7
Portugal,PRT,1983,9.903,4.104,1.7426,162726.4,0.643,2002.7
Portugal,PRT,1984,9.921,4.095,1.7707,159667.2,0.643,1985.7
Portugal,PRT,1985,9.929,4.075,1.7993,164149.8,0.643,1971.3
Portugal,PRT,1986,9.926,4.077,1.8266,170947.1,0.643,1958.9
Portugal,PRT,1987,9.914,4.175,1.8543,181855.9,0.643,1974.3
Portugal,PRT,1988,9.899,4.276,1.8824,195475.3,0.643,1954.4
Portugal,PRT,1989,9.891,4.368,1.911,208065.2,0.643,1982.8
Portugal,PRT,1990,9.895,4.467,1.94,216284.8,0.643,1972.4
Portugal,PRT,1991,9.916,4.62,1.9661,225732.6,0.643,1893.1
Portugal,PRT,1992,9.951,4.682,1.9926,228191.9,0.643,1876.3
Portugal,PRT,1993,9.997,4.602,2.0194,223529.3,0.643,1863.7
Portugal,PRT,1994,10.045,4.607,2.0466,225686.0,0.643,1859.3
Portugal,PRT,1995,10.091,4.586,2.0741,235351.7,0.643,1897.7
Portugal,PRT,1996,10.134,4.665,2.1071,243599.0,0.6577,1898.8
Portugal,PRT,1997,10.175,4.785,2.1406,254319.4,0.6536,1893.7
Portugal,PRT,1998,10.214,4.914,2.1746,266547.0,0.658,1909.2
Portugal,PRT,1999,10.254,4.981,2.2092,276959.9,0.6564,1911.0
Portugal,PRT,2000,10.297,5.076,2.2444,287529.2,0.6559,1920.6
Portugal,PRT,2001,10.341,5.151,2.2416,293117.8,0.6586,1903.9
Portugal,PRT,2002,10.386,5.165,2.2388,295377.5,0.6562,1897.0
Portugal,PRT,2003,10.43,5.117,2.236,292628.9,0.6544,1890.0
Portugal,PRT,2004,10.471,5.089,2.2332,297863.3,0.6473,1896.1
Portugal,PRT,2005,10.508,5.074,2.2304,300192.2,0.6543,1898.1
Portugal,PRT,2006,10.543,5.102,2.256,305070.4,0.6419,1886.3
Portugal,PRT,2007,10.573,5.107,2.2819,312717.2,0.623,1903.5
Portugal,PRT,2008,10.595,5.129,2.308,313715.5,0.6267,1890.4
Portugal,PRT,2009,10.604,4.989,2.3345,303921.1,0.6249,1890.8
Portugal,PRT,2010,10.596,4.912,2.3613,309202.1,0.6191,1893.6
Portugal,PRT,2011,10.569,4.811,2.3776,303957.5,0.6089,1870.6
Portugal,PRT,2012,10.526,4.614,2.3941,291625.1,0.5897,1853.1
Portugal,PRT,2013,10.473,4.484,2.4107,288934.4,0.5834,1863.2
Portugal,PRT,2014,10.418,4.548,2.4274,291223.3,0.5788,1870.8
Portugal,PRT,2015,10.368,4.608,2.4443,296442.2,0.5726,1878.6
Portugal,PRT,2016,10.326,4.678,2.4612,302428.8,0.5733,1884.8
Portugal,PRT,2017,10.289,4.826,2.4783,313033.0,0.578,1873.6
Portugal,PRT,2018,10.256,4.931,2.4954,321952.3,0.5863,1867.9
Portugal,PRT,2019,10.226,4.962,2.5128,329151.1,0.5863,1864.6
Sweden,SWE,1950,7.025,3.376,2.3176,87369.5,0.5649,2005.3
Sweden,SWE,1951,7.083,3.409,2.3316,89874.7,0.5406,1995.5
Sweden,SWE,1952,7.135,3.381,2.3457,91283.9,0.5817,1995.5
Sweden,SWE,1953,7.182,3.373,2.36,94415.4,0.5904,1975.9
Sweden,SWE,1954,7.224,3.401,2.3743,99895.5,0.5867,1986.8
Sweden,SWE,1955,7.273,3.433,2.3887,102870.5,0.6001,1975.9
Sweden,SWE,1956,7.326,3.484,2.4141,106315.2,0.5929,1950.8
Sweden,SWE,1957,7.375,3.49,2.4399,108820.4,0.5958,1950.8
Sweden,SWE,1958,7.42,3.515,2.466,111482.2,0.5915,1919.3
Sweden,SWE,1959,7.457,3.561,2.4923,117432.1,0.5786,1893.1
Sweden,SWE,1960,7.492,3.661,2.5189,121816.2,0.5943,1888.8
Sweden,SWE,1961,7.531,3.69,2.5461,128705.5,0.6023,1891.0
Sweden,SWE,1962,7.573,3.71,2.5692,134185.7,0.6174,1879.0
Sweden,SWE,1963,7.616,3.729,2.5879,141231.6,0.6226,1872.4
Sweden,SWE,1964,7.673,3.783,2.6067,150939.4,0.618,1842.0
Sweden,SWE,1965,7.746,3.809,2.6257,156576.1,0.6241,1831.1
Sweden,SWE,1966,7.82,3.814,2.6447,159707.6,0.6373,1816.9
Sweden,SWE,1967,7.88,3.773,2.664,165970.7,0.6322,1786.4
Sweden,SWE,1968,7.924,3.813,2.6834,170667.9,0.6422,1742.9
Sweden,SWE,1969,7.98,3.885,2.7029,180062.5,0.6401,1720.0
Sweden,SWE,1970,8.055,3.961,2.7225,191022.8,0.6374,1703.7
Sweden,SWE,1971,8.096,3.946,2.7431,192827.3,0.6545,1672.2
Sweden,SWE,1972,8.127,3.963,2.7638,197240.6,0.6432,1633.3
Sweden,SWE,1973,8.152,3.982,2.7847,205067.1,0.6189,1617.4
Sweden,SWE,1974,8.174,4.061,2.8058,211625.5,0.6056,1599.1
Sweden,SWE,1975,8.197,4.136,2.827,217028.1,0.6121,1575.4
Sweden,SWE,1976,8.223,4.149,2.8484,219324.5,0.6372,1588.1
Sweden,SWE,1977,8.251,4.156,2.8699,215823.5,0.6636,1557.9
Sweden,SWE,1978,8.277,4.173,2.8916,219603.7,0.651,1520.8
Sweden,SWE,1979,8.3,4.236,2.9134,228036.5,0.6338,1511.6
Sweden,SWE,1980,8.316,4.283,2.9355,231913.1,0.621,1514.6
Sweden,SWE,1981,8.325,4.29,2.9549,232967.9,0.6217,1506.2
Sweden,SWE,1982,8.329,4.281,2.9744,235876.9,0.5969,1520.3
Sweden,SWE,1983,8.332,4.29,2.9941,240360.0,0.5776,1529.6
Sweden,SWE,1984,8.34,4.326,3.0139,250526.1,0.5636,1531.8
Sweden,SWE,1985,8.358,4.373,3.0338,255938.4,0.5692,1535.8
Sweden,SWE,1986,8.385,4.404,3.0538,262826.6,0.571,1533.8
Sweden,SWE,1987,8.421,4.443,3.074,271641.4,0.5748,1543.9
Sweden,SWE,1988,8.465,4.507,3.0944,278592.8,0.5667,1563.5
Sweden,SWE,1989,8.514,4.569,3.1148,285988.9,0.5754,1562.3
Sweden,SWE,1990,8.567,4.604,3.1354,288147.2,0.5968,1558.7
Sweden,SWE,1991,8.625,4.534,3.14,284845.1,0.5941,1545.4
Sweden,SWE,1992,8.687,4.338,3.1446,281544.9,0.5761,1563.0
Sweden,SWE,1993,8.747,4.116,3.1493,275729.2,0.5483,1594.7
Sweden,SWE,1994,8.798,4.071,3.1539,286565.3,0.5375,1633.4
Sweden,SWE,1995,8.836,4.133,3.1585,297842.2,0.5182,1638.9
Sweden,SWE,1996,8.859,4.104,3.1632,302546.5,0.532,1651.5
Sweden,SWE,1997,8.869,4.054,3.1678,311836.3,0.5301,1656.3
Sweden,SWE,1998,8.871,4.121,3.1725,325282.1,0.5048,1655.2
Sweden,SWE,1999,8.873,4.205,3.1772,339097.5,0.508,1664.8
Sweden,SWE,2000,8.882,4.305,3.1818,355260.0,0.5216,1643.4
Sweden,SWE,2001,8.898,4.392,3.1979,360409.5,0.5378,1620.2
Sweden,SWE,2002,8.921,4.391,3.2141,368327.4,0.5375,1597.0
Sweden,SWE,2003,8.951,4.365,3.2304,376835.1,0.5338,1583.3
Sweden,SWE,2004,8.991,4.336,3.2467,393177.9,0.5257,1606.8
Sweden,SWE,2005,9.039,4.346,3.2631,404418.1,0.5277,1605.5
Sweden,SWE,2006,9.096,4.429,3.2797,423275.2,0.5193,1604.0
Sweden,SWE,2007,9.163,4.532,3.2963,437832.6,0.5284,1616.9
Sweden,SWE,2008,9.236,4.564,3.3129,435859.9,0.5375,1627.1
Sweden,SWE,2009,9.313,4.468,3.3297,416944.5,0.5492,1613.1
Sweden,SWE,2010,9.39,4.495,3.3465,441761.4,0.5321,1640.5
Sweden,SWE,2011,9.467,4.602,3.3564,455877.2,0.537,1641.0
Sweden,SWE,2012,9.543,4.639,3.3662,453195.2,0.5545,1627.3
Sweden,SWE,2013,9.618,4.68,3.3761,458578.2,0.5586,1618.0
Sweden,SWE,2014,9.692,4.735,3.386,470766.3,0.5544,1619.4
Sweden,SWE,2015,9.765,4.791,3.3959,491900.3,0.5415,1620.9
Sweden,SWE,2016,9.836,4.853,3.4059,502085.6,0.5499,1634.2
Sweden,SWE,2017,9.905,4.94,3.4159,514978.8,0.5501,1621.5
Sweden,SWE,2018,9.972,4.996,3.4259,525020.9,0.5567,1620.7
Sweden,SWE,2019,10.036,5.002,3.436,531641.3,0.5567,1605.3
United States of America,USA,1950,155.584,62.814,2.5832,2466594.8,0.6284,1990.1
United States of America,USA,1951,158.248,65.093,2.596,2665368.0,0.6337,2031.6
United States of America,USA,1952,160.981,65.884,2.6089,2773902.8,0.6449,2027.8
United States of America,USA,1953,163.669,66.821,2.6218,2904121.8,0.6445,2021.5
United States of America,USA,1954,166.573,65.598,2.6347,2887745.2,0.6371,1998.1
United States of America,USA,1955,169.541,67.497,2.6478,3093408.0,0.6268,2005.6
United States of America,USA,1956,172.578,69.13,2.6623,3159364.8,0.6404,1990.5
United States of America,USA,1957,175.726,69.468,2.6769,3225886.0,0.6387,1962.6
United States of America,USA,1958,178.687,68.217,2.6916,3202169.0,0.6358,1928.5
United States of America,USA,1959,181.699,69.783,2.7064,3423191.0,0.6294,1953.8
United States of America,USA,1960,184.602,70.957,2.7213,3510944.8,0.6367,1935.3
United States of America,USA,1961,187.688,71.007,2.7556,3600618.8,0.6337,1920.7
United States of America,USA,1962,190.597,72.063,2.7903,3820850.2,0.6291,1940.2
United States of America,USA,1963,193.359,73.074,2.8255,3987209.8,0.6264,1928.4
United States of America,USA,1964,196.064,74.74,2.8611,4217154.5,0.6244,1935.1
United States of America,USA,1965,198.53,76.513,2.8972,4491258.0,0.6194,1955.1
United States of America,USA,1966,200.837,78.847,2.9284,4787384.5,0.6229,1963.9
United States of America,USA,1967,203.035,80.663,2.9599,4918733.5,0.6301,1941.1
United States of America,USA,1968,205.073,82.27,2.9918,5160197.5,0.6342,1937.4
United States of America,USA,1969,207.087,84.234,3.0241,5322265.5,0.6439,1938.1
United States of America,USA,1970,209.513,84.697,3.0566,5332994.5,0.649,1893.4
United States of America,USA,1971,211.384,84.701,3.0899,5508630.0,0.6376,1877.7
United States of America,USA,1972,213.27,86.973,3.1235,5798322.5,0.6394,1874.2
United States of America,USA,1973,215.179,89.761,3.1575,6125680.0,0.6407,1872.7
United States of America,USA,1974,217.115,91.433,3.1918,6092568.0,0.641,1844.8
United States of America,USA,1975,219.081,90.273,3.2265,6080049.5,0.6256,1813.2
United States of America,USA,1976,221.086,93.088,3.25,6407651.0,0.6216,1809.3
United States of America,USA,1977,223.136,96.262,3.2737,6703951.5,0.6216,1809.4
United States of America,USA,1978,225.223,100.194,3.2975,7075035.5,0.6223,1815.7
United States of America,USA,1979,227.339,102.811,3.3215,7299041.0,0.6226,1817.7
United States of America,USA,1980,229.476,103.071,3.3457,7280300.5,0.6243,1801.6
United States of America,USA,1981,231.636,104.216,3.3548,7465054.5,0.6142,1790.0
United States of America,USA,1982,233.822,103.409,3.3639,7330469.0,0.6167,1770.7
United States of America,USA,1983,236.03,104.779,3.373,7666492.5,0.6039,1779.9
United States of America,USA,1984,238.257,109.116,3.3822,8221287.5,0.602,1795.6
United States of America,USA,1985,240.5,111.384,3.3914,8564087.0,0.6023,1801.1
United States of America,USA,1986,242.763,113.924,3.4001,8860631.0,0.6077,1780.8
United States of America,USA,1987,245.053,116.886,3.4088,9167170.0,0.616,1788.5
United States of America,USA,1988,247.372,119.455,3.4175,9550089.0,0.6207,1798.3
United States of America,USA,1989,249.726,121.828,3.4263,9900830.0,0.6119,1810.3
United States of America,USA,1990,252.12,123.046,3.4351,10087555.0,0.6152,1795.6
United States of America,USA,1991,254.539,121.567,3.4523,10076635.0,0.6151,1787.3
United States of America,USA,1992,256.991,121.797,3.4696,10431579.0,0.62,1774.9
United States of America,USA,1993,259.532,123.121,3.487,10718744.0,0.6142,1790.0
United States of America,USA,1994,262.241,125.69,3.5044,11150584.0,0.608,1807.8
United States of America,USA,1995,265.164,127.463,3.522,11449898.0,0.6074,1817.5
United States of America,USA,1996,268.335,129.358,3.5332,11881846.0,0.6071,1823.5
United States of America,USA,1997,271.714,132.363,3.5445,12410257.0,0.6096,1828.5
United States of America,USA,1998,275.175,134.501,3.5558,12966412.0,0.623,1839.2
United States of America,USA,1999,278.548,136.756,3.5672,13582736.0,0.626,1841.3
United States of America,USA,2000,281.711,138.636,3.5786,14143361.0,0.6371,1844.9
United States of America,USA,2001,284.608,138.647,3.5883,14284560.0,0.6403,1823.7
United States of America,USA,2002,287.279,138.152,3.5981,14533353.0,0.6296,1806.7
United States of America,USA,2003,289.816,138.691,3.6079,14949183.0,0.6214,1790.8
United States of America,USA,2004,292.355,140.27,3.6178,15517086.0,0.6171,1789.5
United States of America,USA,2005,294.994,142.493,3.6276,16062235.0,0.6056,1787.0
United States of America,USA,2006,297.759,145.094,3.6423,16520807.0,0.6055,1787.4
United States of America,USA,2007,300.608,146.396,3.6571,16830766.0,0.604,1785.9
United States of America,USA,2008,303.486,146.229,3.6719,16807780.0,0.6041,1765.8
United States of America,USA,2009,306.308,141.221,3.6868,16381405.0,0.5911,1728.6
United States of America,USA,2010,309.011,140.714,3.7018,16801388.0,0.588,1735.0
United States of America,USA,2011,311.584,142.147,3.707,17061950.0,0.5927,1744.9
United States of America,USA,2012,314.044,144.588,3.7123,17445766.0,0.5951,1746.9
United States of America,USA,2013,316.401,145.978,3.7175,17767130.0,0.5931,1752.5
United States of America,USA,2014,318.673,148.221,3.7228,18215924.0,0.5943,1758.3
United States of America,USA,2015,320.878,150.248,3.7281,18776158.0,0.5956,1770.0
United States of America,USA,2016,323.016,152.397,3.7334,19097498.0,0.5938,1766.7
United States of America,USA,2017,325.085,154.672,3.7387,19542980.0,0.5962,1763.7
United States of America,USA,2018,327.096,156.676,3.744,20128580.0,0.5943,1774.7
United States of America,USA,2019,329.065,158.3,3.7493,20563592.0,0.5971,1765.3
